,使用者ID,地點／景點,活動,購買區間,搜尋紀錄
0,005f3246-6cfd-474f-a61f-4f2173a32603,"湯布院, 熊本, 熊本城, 金鱗湖, 高雄","溫泉之旅, 火車旅遊, 美食, 自然景觀, 親子旅遊",35000 - 39999,冰魚節
1,0251dd7b-317a-443d-beb3-cf20285b7e33,"九族, 九族文化村, 北海坑道, 北竿, 日月潭, 瑞穗牧場, 知本溫泉, 花蓮, 阿里山","婚禮蜜月, 文化歷史, 海島旅遊, 溫泉之旅, 火車旅遊, 美食, 自然景觀, 豪華",10000 - 14999,無
2,0259cfa6-0687-414f-b62c-7bca237b5984,"釜山, 高雄","火車旅遊, 自然景觀, 親子旅遊",15000 - 19999,無
3,026442c1-a2cd-4793-b6a7-232944f0087e,阿里山,自然景觀,5000 - 9999,無
4,028a927b-88ba-4d70-abce-be01a1b3051a,"海雲台, 釜山","火車旅遊, 自然景觀, 購物",20000 - 24999,無
5,030efd52-0098-4527-b08b-c0a221b52098,環球影城,主題樂園,120000 - 124999,無
6,0313f03a-73a2-4a76-9457-32c6c3c8fa45,"七星潭, 花蓮","火車旅遊, 自然景觀, 豪華",0 - 4999,無
7,035f7447-f0e0-4605-98f1-1b63454da316,"嘉義, 屏東, 杉林溪, 美術館, 高雄","其他, 美食, 自然景觀, 藝文體驗, 購物",0 - 4999,無
8,03857401-9a9c-424b-a591-aea5d7ca179b,高雄,"溫泉之旅, 美食, 自然景觀",50000 - 54999,無
9,0388f1a9-dd8c-449f-999d-65c18e8c3df1,"大阪, 心齋橋, 環球影城, 黑門市場","主題樂園, 購物",0 - 4999,無
10,03ca3f37-48c7-4096-8bf0-9af4d67fed24,"上野公園, 中尊寺, 二條城, 京都, 仙台, 別府, 北野, 北野異人館, 台中, 嚴美溪, 大阪, 奈良, 奧入瀨溪流, 宇治, 宇治川, 富士, 小岩井農場, 山形, 平等院, 東京, 東福寺, 橫濱, 沖繩, 海地獄, 淺草, 淺草寺, 清水寺, 熊本, 環球影城, 神戶, 神戶動物王國, 神戶港, 秋田, 箱根, 箱根神社, 美術館, 西湖, 角館, 跨海大橋, 遠野故鄉村, 金鱗湖, 銀山, 銀山溫泉街, 鎌倉, 長谷寺, 高雄","主題樂園, 其他, 文化歷史, 海島旅遊, 溫泉之旅, 火車旅遊, 美食, 自然景觀, 藝文體驗, 親子旅遊, 豪華",35000 - 39999,日本
11,04cb2e2d-7273-4839-9cac-5950cff8ab8d,"土耳其, 小番紅花城","文化歷史, 豪華",50000 - 54999,無
12,05745385-85f5-44c2-8a06-56421086a2e8,"伏見稻荷大社, 大阪, 奈良, 環球影城",主題樂園,30000 - 34999,無
13,05a088ad-091b-41eb-89d2-a991b1b90e82,花蓮,其他,0 - 4999,無
14,0631bd52-7d0a-48b5-ad7c-cf0d7fe48e06,高雄,其他,無資料,曼谷
15,064dda6f-240d-4c36-a10e-4639e8ab3f98,"九重夢大吊橋, 函館, 北海道, 夜景, 天狗山, 小樽, 旭山動物園, 札幌, 海地獄, 湯布院, 熊本, 熊本城, 熊牧場, 金鱗湖, 長崎, 阿蘇神社, 高雄","夜間活動, 婚禮蜜月, 文化歷史, 海島旅遊, 溫泉之旅, 火車旅遊, 美食, 自然景觀, 親子旅遊, 豪華",40000 - 44999,無
16,06554207-3ab5-4535-aeb4-54ef96fff7e9,"七星潭, 花蓮","文化歷史, 自然景觀, 購物",0 - 4999,"花蓮, 花蓮金針花, 花蓮金針花季, 金針花季"
17,06c7119f-8467-4be8-9753-128f53c73e51,香港,海島旅遊,無資料,香港
18,0736ff50-a8f9-49e6-b6e5-83714e8cf5bc,杉林溪,自然景觀,0 - 4999,無
19,07b9a5f1-7319-4cf6-bba3-827f347c6afc,"少女峰, 德瑞, 瑞士, 馬特宏峰","火車旅遊, 自然景觀",130000 - 134999,瑞士
20,081dfab3-48d2-4fa0-a8cf-d1581aa4a526,"埃及, 尼羅河, 紅海, 金字塔, 阿布辛貝",豪華,80000 - 84999,無
21,08544be5-3c07-4bb0-8a93-6bd7b218d783,"嘉義, 新竹, 美術館, 阿里山","其他, 火車旅遊, 自然景觀, 藝文體驗",0 - 4999,無
22,08d6f3fa-b3c2-4476-a72e-be02a28ef6e3,"嘉義, 奮起湖","自然景觀, 藝文體驗, 豪華",5000 - 9999,無
23,08e04193-7a34-4e56-bc20-46bfb85941d3,"大阪, 環球影城, 高雄","主題樂園, 溫泉之旅, 美食, 自然景觀, 雪景",50000 - 54999,無
24,091ffa67-3b80-4a63-91ca-b3fbe4f264db,"羅瓦涅米, 芬蘭, 赫爾辛基","自然景觀, 雪景",0 - 4999,無
25,09a9b39d-cd41-4434-92bb-08fe6ecc50a6,"拉斯維加斯, 洛杉磯",其他,55000 - 59999,無
26,09c16c3d-f94d-42fa-ba52-f6bf618b2738,"明洞, 首爾","主題樂園, 美食, 購物",25000 - 29999,"嘉點, 大洋洲全選, 東北亞全選, 東南亞全選, 歐洲全選, 非洲全選"
27,09c9282b-9beb-488a-9bf1-d529a5914df3,"仁寺洞, 北村韓屋村, 城山日出峰, 塗鴉秀, 威尼斯, 尼斯, 弘大, 明洞, 歐洲, 法國, 首爾, 高雄","主題樂園, 文化歷史, 海島旅遊, 火車旅遊, 美食, 自然景觀, 豪華, 購物",15000 - 19999,韓國
28,09f7b08a-f4e0-45c7-b114-dcdac1701acd,"北海道, 旭山動物園","海島旅遊, 溫泉之旅, 美食, 自然景觀, 親子旅遊",70000 - 74999,無
29,0a582957-8ef1-488d-9f07-c9ed4b89b9ac,"基隆, 挪威",其他,45000 - 49999,無
30,0a6ef939-8702-4ce7-8611-afb875f4920a,"塗鴉秀, 海雲台, 釜山","主題樂園, 火車旅遊, 自然景觀, 購物",20000 - 24999,無
31,0ab11e6c-407b-4b29-b060-2210b99529ae,"仁寺洞, 北村韓屋村, 古宇利大橋, 塗鴉秀, 弘大, 明洞, 景福宮, 東京, 東大門, 沖繩, 清溪川, 美麗海水族館, 那霸, 首爾, 高雄","其他, 文化歷史, 海島旅遊, 網美打卡, 美食, 親子旅遊, 豪華, 購物",10000 - 14999,"曼谷, 沖繩, 韓國"
32,0ac37e6a-99a4-4589-abe7-9a79b9578f27,"墾丁, 大鵬灣, 宜蘭, 屏東, 高雄","其他, 溫泉之旅, 火車旅遊, 美食, 自然景觀",0 - 4999,無
33,0aeb6daa-2fa9-444b-b79d-dbfdb48e1d5c,"吉隆坡, 新加坡, 馬六甲",其他,40000 - 44999,無
34,0bf0fc56-6b6c-43a6-9469-ae3a06786b48,"三仙台, 仙台, 新竹, 花蓮","火車旅遊, 自然景觀",0 - 4999,無
35,0c4d39a8-6cae-42c9-8c60-1eb18e5f8a8e,"少女峰, 德瑞, 米蘭, 高雄",其他,110000 - 114999,無
36,0cefdd81-8e19-4582-bb26-86778f06cf43,"富士, 東京, 淺草, 高雄","主題樂園, 文化歷史, 海島旅遊, 溫泉之旅, 自然景觀",35000 - 39999,無
37,0d01d7c6-7b49-4ea9-ab9b-eacd0700aa84,台北,其他,0 - 4999,"上海-SHANGHAI(SHA), 台北-Taipei(TPE)"
38,0d03682d-7b61-465e-b078-3bf911a00ce8,"法國, 羅浮宮","文化歷史, 購物",60000 - 64999,無
39,0d6bd7ea-8373-47a4-9479-7cd97b0385f6,"佛國寺, 海雲台, 釜山, 高雄","文化歷史, 火車旅遊, 自然景觀, 購物",20000 - 24999,無
40,0de58869-2c1c-43e7-831b-eb3081e26fd1,台北,其他,10000 - 14999,無
41,0e842a30-3f75-42a7-9b7e-1399140e0677,"藍晒圖, 高雄",文化歷史,0 - 4999,無
42,0ecea95d-c71d-4238-8131-00bea5995ca4,宜蘭,"美食, 自然景觀",10000 - 14999,無
43,0f864ac0-02b0-4733-801c-0972c563c5cd,"富士, 東京, 高雄","主題樂園, 文化歷史, 溫泉之旅, 美食, 自然景觀, 雪景",50000 - 54999,無
44,10281034-55ac-4847-af47-150cdefebb9c,花蓮,其他,25000 - 29999,迪士尼火車
45,10656e39-b80e-4bf7-904e-2d3651d6e42e,花蓮,其他,0 - 4999,無
46,106935e2-10fa-491b-b0fe-4b2d20e11c9e,"函館, 北海道, 夜景, 小樽, 小樽運河, 慕尼黑","其他, 夜間活動, 婚禮蜜月, 溫泉之旅, 美食, 自然景觀, 豪華",25000 - 29999,無
47,10b181d3-f623-4559-82de-b7e9873afd85,"中尊寺, 伏見稻荷大社, 台中, 大阪, 奈良, 平等院, 彰化, 東大寺, 東福寺, 清水寺, 溪湖糖廠, 高雄, 鹿港, 鹿港老街","文化歷史, 海島旅遊, 溫泉之旅, 美食, 自然景觀, 豪華",25000 - 29999,無
48,1130442b-feac-420a-85cb-773e0a50019b,"台中, 台北, 小琉球, 澎湖, 翟山坑道, 莒光樓, 金門, 高雄","夜間活動, 戶外活動, 海島旅遊, 自然景觀",10000 - 14999,台灣全部
49,11a7f6a7-247a-47a4-bd72-8514265e7bf1,"升旗山, 法國, 濱海灣花園, 馬六甲","文化歷史, 海島旅遊, 美食, 自然景觀, 豪華",20000 - 24999,"新馬自由行, 馬來西亞"
50,11ebd93e-4bdb-4155-9823-98cce00190f2,"台北, 嘉義, 阿里山",自然景觀,0 - 4999,無
51,11f93e63-19d6-4e76-bab2-64aa7f1125f5,"澎湖, 金門","海島旅遊, 自然景觀",無資料,"澎湖, 金門(含廈門)"
52,11feaf9f-d197-41d3-83f5-5dc9aa3b698e,"北海道, 台中, 土耳其, 大鵬灣, 小樽, 小琉球, 屏東, 漢堡, 蓮池潭","其他, 文化歷史, 溫泉之旅, 火車旅遊, 美食, 自然景觀, 豪華, 雪景",25000 - 29999,無
53,120929fa-683f-4cc1-8556-fd19c9872aaa,阿里山,自然景觀,5000 - 9999,無
54,12133cb9-5850-4a2b-8203-ecfda60310ab,釜山,"主題樂園, 美食, 自然景觀, 購物, 雪景",20000 - 24999,日本全選
55,121c7544-c6b9-41d9-9540-ea0a0c9007bc,"大皇宮, 藍廟, 鄭王廟, 鐘樓","夜間活動, 文化歷史, 美食, 自然景觀, 親子旅遊, 豪華, 購物",25000 - 29999,無
56,124543a4-0c77-4e9c-a25f-e92353948fb3,"台中, 后豐鐵馬道, 夜景","夜間活動, 文化歷史, 美食",0 - 4999,無
57,125c5837-777b-4290-a551-9a9608aaea8e,"仙台, 十和田湖, 嚴美溪, 奈良, 奧入瀨溪流, 富士, 富士五湖, 嵐山, 東京, 東福寺, 箱根, 美術館, 西湖","主題樂園, 文化歷史, 海島旅遊, 溫泉之旅, 火車旅遊, 自然景觀, 藝文體驗, 豪華",50000 - 54999,無
58,1279541d-f4d6-44ce-83f9-04f02734fdd4,"時尚購物中心, 沖繩, 玉泉洞, 萬座毛, 跨海大橋",購物,20000 - 24999,無
59,12e40a3d-ccb0-4ebd-ade5-24a79dba0bab,"台北, 小琉球","夜間活動, 婚禮蜜月, 海島旅遊, 火車旅遊",5000 - 9999,無
60,12f02d39-b2c3-4076-9e10-d9f8123a409e,"函館, 函館山, 北海道, 北海道大學, 北海道神宮, 嘉義, 夜景, 奮起湖, 小樽, 小樽運河, 小樽音樂盒堂, 旭山動物園, 海洋公園, 美瑛青池, 花蓮, 阿里山, 香港","其他, 夜間活動, 婚禮蜜月, 文化歷史, 海島旅遊, 溫泉之旅, 火車旅遊, 美食, 自然景觀, 親子旅遊, 豪華, 雪景",30000 - 34999,北海道
61,133f7330-dade-453b-9122-87adce7adfa5,"富士, 新宿, 東京, 箱根, 箱根海盜船","主題樂園, 溫泉之旅, 自然景觀, 購物",45000 - 49999,無
62,134b89a2-ce13-481b-bba9-4eea6e1a3c21,馬六甲,"文化歷史, 豪華",20000 - 24999,無
63,134ebabe-bf32-442c-9238-d159872e9f6e,"嘉義, 奮起湖, 阿里山, 高雄","火車旅遊, 自然景觀",10000 - 14999,無
64,140157d3-3e61-4ea1-b864-84cf7f09c57b,"東京, 淺草",其他,15000 - 19999,無
65,14e18dd3-95fe-4d1e-97e4-4cfa7271dac4,"埃及, 尼羅河, 德瑞, 紅海, 羅曼蒂克大道, 萊茵河, 金字塔, 香港","文化歷史, 海島旅遊, 火車旅遊, 自然景觀, 豪華",55000 - 59999,無
66,1502b36f-73fc-4425-af3f-969724c9c837,"九重夢大吊橋, 倫敦, 別府, 別府纜車, 劍橋, 匈牙利, 哈修塔特, 多瑙河, 大英博物館, 奧捷, 布拉格, 海地獄, 湯布院, 牛津, 福岡, 福岡塔, 維也納, 耶馬溪, 英國, 金鱗湖, 高雄","主題樂園, 文化歷史, 溫泉之旅, 火車旅遊, 自然景觀, 藝文體驗, 親子旅遊, 豪華, 購物",50000 - 54999,"九州, 九州賞楓, 賞楓"
67,15336616-85e2-4519-b2a0-c08f133cba60,"嘉義, 阿里山","主題樂園, 自然景觀",0 - 4999,台灣全選
68,153aa6ff-cf9f-495f-9915-75c22a70d093,"台北, 日月潭, 陽明山, 高雄","夜間活動, 戶外活動, 火車旅遊, 自然景觀",0 - 4999,台灣全選
69,15556b4a-1733-422b-a102-3eb800598e44,"沖繩, 那霸",其他,15000 - 19999,無
70,155a10f9-b9c8-4814-a7e4-a49dceeee38c,"函館, 北海道, 夜景","夜間活動, 婚禮蜜月, 溫泉之旅, 美食, 自然景觀",35000 - 39999,無
71,15a43772-c2a4-4e60-8938-10a812a34b37,"京都, 伏見稻荷大社, 函館, 北海道, 北海道神宮, 夜景, 大阪, 奈良, 小樽, 東京, 沖繩, 清水寺, 熊牧場, 神戶, 高雄","其他, 夜間活動, 文化歷史, 溫泉之旅, 美食, 自然景觀, 豪華, 購物",20000 - 24999,日本
72,168a5128-3953-49b3-9a8d-b10d712e3ff3,"大鵬灣, 屏東, 巴黎","其他, 美食",615000 - 619999,無
73,16fd556e-5e9d-4151-b630-ecd535c4d983,"台北, 澎湖, 義大, 臺東, 花蓮, 高雄","其他, 火車旅遊, 自然景觀",0 - 4999,無
74,173c86e4-ccd5-44d3-a2c1-63816e847e33,"台中, 大阪, 環球影城, 神戶","主題樂園, 海島旅遊, 美食, 自然景觀, 藝文體驗, 親子旅遊, 豪華",35000 - 39999,無
75,17530a2a-b173-469f-8586-0a79c1e668c6,"卡帕多奇亞, 土耳其",豪華,75000 - 79999,無
76,1843951c-5a5f-4553-ac77-44b7fae37913,"沖繩, 美麗海水族館","海島旅遊, 親子旅遊",20000 - 24999,無
77,18bebbdc-492f-49d1-94e1-35970a865c77,"中尊寺, 奧入瀨溪流, 富士, 富士五湖, 東京, 秋田, 箱根, 西湖, 角館, 銀山, 銀山溫泉街","主題樂園, 文化歷史, 海島旅遊, 溫泉之旅, 火車旅遊, 自然景觀",35000 - 39999,無
78,18f2d722-9701-4836-ba56-9876ddf7f9dd,"台北, 福岡",其他,10000 - 14999,福岡市-福岡縣-FUKUOKA(FUK)
79,1912c798-344d-43a6-875a-2a8650b3ab72,"台中, 大溪老街, 大鵬灣, 屏東, 桃園","其他, 自然景觀",0 - 4999,無
80,192b7846-af30-48d8-984c-4b2b9cac6dd0,"基隆, 挪威, 石垣島, 那霸","其他, 海島旅遊",25000 - 29999,無
81,194a0c8c-6fe2-4b39-83da-28f52f792c88,台北,其他,10000 - 14999,無
82,19af2635-5c48-45d6-830f-762330d738f1,"倫敦, 大英博物館, 天鵝堡, 巴黎, 德國, 慕尼黑, 比利時, 羅曼蒂克大道, 羅浮宮, 英荷比法","其他, 文化歷史, 購物",25000 - 29999,"倫敦, 喜來登飯店 威尼斯, 威尼斯, 威尼斯喜來登飯店, 威尼斯飯店, 義大利威尼斯"
83,19d855f8-3749-4536-b98c-46441fad843c,"台中, 宜蘭, 拉拉山, 桃園, 石門水庫, 高雄","其他, 火車旅遊, 美食, 自然景觀",5000 - 9999,無
84,19eab26b-c18e-48ad-9eb8-b9b6fe03a8be,"北海道, 小樽","文化歷史, 溫泉之旅, 美食, 自然景觀, 豪華, 雪景",55000 - 59999,無
85,1a19a52a-1e65-4602-a103-e14b22f79537,"六本木, 新宿, 東京","其他, 海島旅遊, 網美打卡, 豪華",0 - 4999,東京
86,1a19e228-6987-4940-acd8-ee53240afd88,"伊斯坦堡, 土耳其",文化歷史,125000 - 129999,無
87,1b3fb90c-b04c-490a-ba2b-85b232ab1d0c,"明洞, 首爾","主題樂園, 海島旅遊, 自然景觀, 購物, 雪景",30000 - 34999,首爾
88,1bd00436-b6a3-4854-8c41-92f45849a611,"函館, 北海道, 夜景, 小樽","夜間活動, 溫泉之旅, 自然景觀",25000 - 29999,無
89,1c0be5a7-39a2-484f-bdc5-9328f24837bf,羅浮宮,購物,70000 - 74999,無
90,1cbd599b-7f85-4f2c-a7ab-f3c3d35fd4a6,"台北, 新北, 高雄","溫泉之旅, 美食, 自然景觀",0 - 4999,無
91,1d147bb4-f760-4d53-9b77-cf51bfafe231,"北投溫泉, 台北, 桃園, 荷蘭","其他, 溫泉之旅, 自然景觀, 豪華",0 - 4999,"北投溫泉, 台南, 台灣, 大溪, 新竹, 桃園, 淡水老街, 陽明山, 青春好好玩寵物友善民宿"
92,1d1da6ae-05df-4791-a936-8fd1a530d321,"北村韓屋村, 沖繩, 美麗海水族館, 首爾, 高雄","網美打卡, 美食, 親子旅遊",10000 - 14999,無
93,1d5c4e81-44ff-4eb6-baf8-0dff19d613df,"新潟, 群馬, 青森",雪景,65000 - 69999,日本 滑雪
94,1d7b6db8-25f1-4d27-b472-00e4c6bfd023,印度,其他,85000 - 89999,無
95,1e21fa0c-e7e3-422d-a1cc-7d1f0e62b478,阿里山,自然景觀,5000 - 9999,無
96,1f0859cb-73f0-48dc-b466-c77d42828b4e,"京都, 伏見稻荷大社, 北野, 北野異人館, 大阪, 大阪城, 奈良, 宇治, 嵐山, 平等院, 有馬溫泉, 東大寺, 清水寺, 環球影城, 神戶, 黑門市場","主題樂園, 其他, 文化歷史, 溫泉之旅, 自然景觀, 購物",35000 - 39999,關西
97,1f1d7174-d71e-4be3-9f88-bed7e16dd900,"中央公園, 台中, 義大, 高雄","其他, 自然景觀",5000 - 9999,高雄
98,1f2de94f-84b1-4f10-894a-3bf1b687c95b,"仙台, 北海道, 小樽, 小樽運河, 新潟, 白色戀人公園, 青森","婚禮蜜月, 自然景觀, 豪華, 雪景",65000 - 69999,無
99,1f6c61ab-965e-4db1-a861-17c4f074669b,"埃及, 尼羅河, 紅海, 金字塔, 阿布辛貝","文化歷史, 自然景觀",105000 - 109999,無
100,1fc86e6a-c038-4d86-a1b9-f405d44f4ff1,"別府, 夜景, 富士, 時尚購物中心, 東京, 沖繩, 河口湖, 淺草, 淺草寺, 熊本, 熊本城, 跨海大橋","夜間活動, 文化歷史, 溫泉之旅, 火車旅遊, 美食, 自然景觀, 豪華, 購物",30000 - 34999,"溫泉百選, 百選溫泉"
101,204bfb51-801f-4784-8470-c719d0dc99ef,"惡魔島, 環球影城","主題樂園, 海島旅遊",160000 - 164999,美洲全選
102,206cb9b4-cb88-4926-8a42-56f3564b01ce,"富士, 東京, 鎌倉","主題樂園, 溫泉之旅, 美食, 自然景觀, 雪景",40000 - 44999,無
103,20e65911-9c24-478a-a529-c57ae00d7929,"佛國寺, 明洞, 景福宮, 海雲台, 高雄","文化歷史, 火車旅遊, 自然景觀, 親子旅遊, 購物",10000 - 14999,無
104,213e0073-5abc-4249-aa76-1212d4630f24,"海雲台, 釜山, 高雄","火車旅遊, 自然景觀, 親子旅遊, 豪華, 購物",15000 - 19999,釜山
105,21b91bbd-b78c-4bca-9354-1f71468d9561,"台中, 嘉義, 奮起湖, 阿里山, 高雄","火車旅遊, 自然景觀",5000 - 9999,無
106,21bc18fa-2ae9-452e-ae66-4e730cd5eaec,"台北, 嘉義, 日月潭, 阿里山",自然景觀,15000 - 19999,無
107,21be63ad-4480-4ca0-a96b-217a32622eeb,"北海道, 弘大, 札幌, 海洋公園, 熊牧場, 首爾","主題樂園, 海島旅遊, 火車旅遊",55000 - 59999,春節
108,223652bb-b929-483b-a944-c3173d72f939,"古宇利大橋, 川平灣, 時尚購物中心, 沖繩, 波上宮, 玉泉洞, 石垣島, 美麗海水族館, 跨海大橋","文化歷史, 海島旅遊, 溫泉之旅, 美食, 自然景觀, 親子旅遊, 豪華, 購物",25000 - 29999,沖繩
109,2269118b-ecc6-4462-b807-69877ffe132f,屏東,其他,10000 - 14999,無
110,226eb18f-125b-4c39-b48b-efca2b55e41e,"明洞, 首爾","主題樂園, 海島旅遊, 自然景觀",15000 - 19999,首爾
111,22e60645-5a04-4579-ab8e-acf41eebf265,"哈修塔特, 國王湖, 奧捷, 威尼斯, 尼斯, 布拉格, 布達佩斯, 庫倫洛夫, 德國, 米蘭, 維也納, 羅馬, 義大, 義大利","夜間活動, 文化歷史, 海島旅遊, 溫泉之旅, 自然景觀, 購物",65000 - 69999,"奧地利, 義大利"
112,23018f4c-db95-4d8c-aa9d-0fc0ec318fe6,"函館, 北海道, 夜景, 小樽, 熊牧場","夜間活動, 婚禮蜜月, 溫泉之旅, 美食, 自然景觀",35000 - 39999,無
113,233b5deb-ea48-4741-9ca5-a3dac431856a,"台北, 嘉義, 墾丁, 奮起湖, 屏東, 臺東, 阿里山, 高雄","其他, 溫泉之旅, 火車旅遊, 自然景觀, 藝文體驗",0 - 4999,藍皮解憂號
114,2378730b-47b1-4a91-a9e9-e2a6b66830d4,"北海道, 小樽, 小樽運河, 旭山動物園, 美瑛青池","溫泉之旅, 美食, 自然景觀, 親子旅遊",45000 - 49999,無
115,242b51dd-555b-4dec-808a-10cdd65da29e,"土耳其, 埃及, 尼羅河, 故宮, 紅海, 金字塔, 阿布辛貝","美食, 豪華",65000 - 69999,無
116,24818d4b-f78d-4aa7-bebd-5789fa6a3fb9,"平溪, 新北, 桃園","火車旅遊, 美食, 自然景觀",0 - 4999,無
117,24b840ce-ce2d-4c9b-a0e7-f8456c4082d3,"北海道, 小樽","溫泉之旅, 美食, 自然景觀",50000 - 54999,無
118,24be8881-08cc-45da-bbb6-c52e15d02059,"明洞, 景福宮, 東大門, 首爾","主題樂園, 購物",5000 - 9999,無
119,257cc261-e7ab-47fc-9b30-fd0e188f9a20,台中,自然景觀,5000 - 9999,無
120,258f3ede-f6dc-4719-84d8-23b275cf6761,跨海大橋,"自然景觀, 豪華, 購物",20000 - 24999,韓國
121,265cf366-48e7-4291-86d6-1e6d858fb7b1,"富士, 河口湖",自然景觀,5000 - 9999,"DOT HOSTEL BAR, dot, 上野, 日本, 東京, 東京 (都), 河口湖, 河口湖dot"
122,275267bd-bf3b-44cb-b9b4-0672cecf7cad,"故宮, 阿里山",自然景觀,30000 - 34999,無
123,27d9cac9-5fee-4308-80b1-3868799a7fe8,"函館, 北海道, 夜景, 富士, 小樽, 新宿, 明洞, 東京, 箱根, 箱根海盜船, 首爾","主題樂園, 夜間活動, 溫泉之旅, 美食, 自然景觀, 購物, 雪景",80000 - 84999,"東北亞全選, 東南亞全選, 澳洲全選"
124,27fef707-ac5b-433c-9334-ce56f8eff659,湄公河,"夜間活動, 豪華",30000 - 34999,"奧克蘭-AUCKLAND(AKL), 越南"
125,285be10d-405b-44e9-a43b-45e2e943605d,"東京, 沖繩, 那霸, 香港","其他, 豪華",5000 - 9999,無
126,28695b0c-3d4b-4608-8bef-fe282f3ffd42,"沖繩, 跨海大橋","文化歷史, 豪華",25000 - 29999,無
127,28bb9ad9-55a4-40c9-b43a-fe01076558bf,"明洞, 歐洲, 法國, 首爾, 高雄","海島旅遊, 網美打卡, 美食, 自然景觀, 購物",15000 - 19999,韓國
128,29d96348-3c96-41fe-b8a9-9da12cc2bc88,"中尊寺, 仙台, 八甲田山, 十和田湖, 台中, 嚴美溪, 夜景, 奧入瀨溪流, 山形, 弘大, 明洞, 景福宮, 東大門, 歐洲, 法國, 漢拏樹木園, 角館, 跨海大橋, 銀山, 銀山溫泉街, 首爾, 高雄","主題樂園, 其他, 夜間活動, 婚禮蜜月, 戶外活動, 文化歷史, 海島旅遊, 溫泉之旅, 火車旅遊, 美食, 自然景觀, 豪華, 購物, 雪景",20000 - 24999,無
129,2a14d873-06b4-4fec-a936-2edf27ab9433,"基隆, 沖繩, 那霸, 長崎","其他, 海島旅遊",45000 - 49999,無
130,2a18414e-dd0e-40d4-8a06-e94be95aafd3,長崎,"海島旅遊, 溫泉之旅, 美食, 自然景觀, 豪華",40000 - 44999,無
131,2a92d075-1425-4891-9d15-146363dd26cc,香港,主題樂園,15000 - 19999,無
132,2b2400db-2251-4975-ab74-1e48f5f746f0,銀座,其他,5000 - 9999,新宿-東京
133,2b442186-ba72-4f33-a089-1348e4832098,"台中, 台北, 新竹, 桃園","其他, 火車旅遊, 自然景觀",0 - 4999,無
134,2b5ed984-dc55-4ef0-99bc-b3822292593a,"伏見稻荷大社, 函館, 北海道, 夜景, 大阪, 大阪城, 宇治, 宇治川, 小樽, 嵐山, 平等院, 清水寺, 熊牧場, 環球影城, 神戶, 神戶港, 黑門市場","主題樂園, 夜間活動, 文化歷史, 溫泉之旅, 美食, 自然景觀, 親子旅遊, 豪華, 購物",30000 - 34999,無
135,2b73842b-dbd1-485a-9470-16e50ac0bfee,"內灣, 內灣老街, 平溪, 新北, 新竹","火車旅遊, 自然景觀, 藝文體驗, 購物",0 - 4999,無
136,2b7e88ac-ded1-4ea5-a2e2-313670948bfa,"嘉義, 美術館, 阿里山","文化歷史, 火車旅遊, 自然景觀, 藝文體驗",0 - 4999,無
137,2bae53c6-ec9b-403b-a1d2-d408631247b8,"36古街, 威尼斯, 尼斯","夜間活動, 文化歷史, 豪華, 購物",20000 - 24999,無
138,2bfc957b-ba51-4431-9154-2150f04a2721,"大阪, 環球影城",主題樂園,無資料,大阪
139,2ce5caf6-b732-488c-a717-ca09568c3ba6,"台中, 屏東, 臺北, 臺東, 花蓮","其他, 火車旅遊, 豪華",0 - 4999,無
140,2d021958-4c4c-4d1d-acc1-ee6165053a5b,"太平山, 宜蘭, 高雄",自然景觀,10000 - 14999,無
141,2d0b1cc3-399d-4e69-8ce0-7faaf9057424,"台中, 澎湖","自然景觀, 豪華",10000 - 14999,大陸
142,2d866c05-fa64-4afa-a14f-4ca7b0ae6a6e,"台中, 首爾",其他,0 - 4999,"曼谷-BANGKOK(BKK), 首爾-SEOUL(SEL)"
143,2e5ba7c6-49cb-45b5-a62b-fc0af2f685b9,"屏東, 臺東, 高雄","火車旅遊, 自然景觀",0 - 4999,無
144,2e9c1b38-2d7f-4de6-8d59-2e711cda8168,東京,"海島旅遊, 豪華",0 - 4999,"京都, 京都 (府), 京都站, 日本, 東京"
145,2f95ea5c-eee6-4893-ae84-20f8554f1780,"函館, 函館山, 北海道, 北海道神宮, 夜景, 小樽, 小樽運河, 小樽音樂盒堂, 旭山動物園, 札幌, 海洋公園, 熊牧場, 美瑛青池","夜間活動, 婚禮蜜月, 文化歷史, 海島旅遊, 溫泉之旅, 美食, 自然景觀, 親子旅遊, 豪華, 雪景",35000 - 39999,無
146,302d725d-fa6d-4e59-a74c-a2a4519facbf,鄭王廟,"夜間活動, 文化歷史",25000 - 29999,無
147,30344fbd-2693-4cb8-8a2f-93a481b55617,"台北, 芝加哥",其他,30000 - 34999,芝加哥-伊利諾州-CHICAGOIL(CHI)
148,30ce01c7-e450-40ea-b133-809f6c43e5c1,"威尼斯, 尼斯, 義大, 義大利","文化歷史, 火車旅遊, 購物",75000 - 79999,無
149,31ea1f3c-7dae-4bbf-a622-231ff6f2b663,"明洞, 首爾","自然景觀, 雪景",40000 - 44999,無
150,31f38e4a-3e68-430e-9ad7-738972337ab9,"六甲山, 北海道, 塗鴉秀, 富士, 東京, 沖繩, 海雲台, 淺草, 環球影城, 神戶, 箱根, 花卷溫泉, 那霸, 釜山","主題樂園, 其他, 海島旅遊, 溫泉之旅, 火車旅遊, 美食, 自然景觀, 購物, 雪景",40000 - 44999,無
151,32aa1dab-5db7-494c-b18e-d05c969f1bef,"台北, 開羅",其他,65000 - 69999,開羅-CAIRO(CAI)
152,3441cac5-96a2-401a-82ba-afcc9dc4f2f1,"吉隆坡, 富士, 新加坡, 環球影城, 聖淘沙","主題樂園, 其他, 海島旅遊",30000 - 34999,無
153,344be19e-a114-4c67-80c6-89c5ae07c809,"奈良, 富士, 嵐山, 東京, 淺草, 淺草寺, 環球影城, 神戶, 神戶動物王國, 西湖","主題樂園, 文化歷史, 溫泉之旅, 自然景觀, 親子旅遊, 購物",30000 - 34999,無
154,3464501d-650e-4686-8e2a-40f335603191,六十石山,"火車旅遊, 自然景觀",5000 - 9999,無
155,34bb31e8-c9de-49ca-b5f1-772f367cc691,"沖繩, 馬六甲","文化歷史, 海島旅遊, 豪華, 購物",20000 - 24999,"日本全選, 泰國全選, 越南, 馬新全選"
156,34dcb1d4-87b8-4a90-ab50-58f55532ec5a,"台北, 東京",其他,10000 - 14999,東京-TOKYO(TYO)
157,34ef5891-4be6-4fcf-8cbd-2df217e9e44f,美術館,"文化歷史, 海島旅遊, 自然景觀, 藝文體驗",35000 - 39999,無
158,35bfbc19-d29b-4b49-9b90-cc5e1bcde5fb,釜山,"自然景觀, 購物, 雪景",40000 - 44999,無
159,35ff058f-6a7d-44fd-af63-6779acaaa080,"台北, 新北, 淡水, 首爾","其他, 溫泉之旅, 自然景觀",0 - 4999,"台北, 台北蘆洲成旅晶贊飯店, 新北, 新北市, 板橋, 板橋車站, 淡水, 淡水老街"
160,360c8daf-d3ff-4772-856a-a4da4e4b4512,高雄,"溫泉之旅, 美食, 自然景觀",25000 - 29999,無
161,364c448d-0981-463c-8162-2bc9b582bf22,"觀景台, 鄭王廟","夜間活動, 文化歷史, 美食, 自然景觀",20000 - 24999,無
162,36b0063c-1001-4f15-ab7e-11a90de7a1a9,"國王湖, 天鵝堡, 少女峰, 德瑞, 馬特宏峰","火車旅遊, 自然景觀",115000 - 119999,無
163,36de403c-7e38-4ccf-a03d-73cac13ae27d,高雄,"文化歷史, 海島旅遊, 自然景觀, 豪華, 購物",25000 - 29999,峴港
164,37568d7d-9637-4178-9a51-dbd78edfeb8c,花蓮,其他,0 - 4999,無
165,37c7c859-4d3c-4f92-9fac-9b59891f494a,"哈修塔特, 奧捷, 布拉格, 維也納",文化歷史,65000 - 69999,無
166,37e022bf-8c78-4169-802f-48c62e84312a,"富士, 東京, 河口湖, 高雄","主題樂園, 溫泉之旅, 美食, 自然景觀, 雪景",60000 - 64999,無
167,37e0daa9-6a3e-4748-9eab-ba4c0de93624,"台北, 東京",其他,5000 - 9999,東京-TOKYO(TYO)
168,3805cd05-06e2-4f3f-b54d-46d99ca78605,"沖繩, 那霸",豪華,0 - 4999,無
169,3816ba21-980b-4c54-803f-8c100644a748,"奈良, 嵐山, 有馬溫泉, 東大寺, 環球影城","主題樂園, 文化歷史, 溫泉之旅, 自然景觀",35000 - 39999,無
170,38c5e15b-dcdf-4711-a573-b3454da11566,新竹,其他,0 - 4999,"列車, 團體"
171,39954c0f-02ce-4a8e-bee1-da5e6369745e,"中尊寺, 大阪, 富士, 山形, 心齋橋, 東京, 秋田, 花卷溫泉, 銀山, 銀山溫泉街","主題樂園, 其他, 文化歷史, 海島旅遊, 溫泉之旅, 火車旅遊, 美食, 自然景觀, 雪景",40000 - 44999,無
172,3995d981-a87b-4bbd-b97c-0810ba162a42,"台中, 塗鴉秀, 弘大, 明洞, 首爾","主題樂園, 海島旅遊, 購物",15000 - 19999,韓國
173,39ded1ee-7d41-4f25-a861-a90e6044cebf,"冰島, 巴黎, 藍湖","戶外活動, 海島旅遊, 溫泉之旅, 自然景觀, 雪景",160000 - 164999,無
174,39fa84f4-1413-4342-afea-6199bd59ee5c,"內灣, 宜蘭, 新竹, 桃園, 梅花湖","其他, 戶外活動, 火車旅遊, 美食, 自然景觀, 藝文體驗",0 - 4999,無
175,3a7bfa2e-c9ed-4b40-ba1f-e065d4e20e56,釜山,自然景觀,無資料,釜山
176,3ae9077d-723e-49e2-92e1-cbd710caecd8,"城山日出峰, 漢拏樹木園, 跨海大橋","文化歷史, 海島旅遊, 自然景觀, 藝文體驗, 豪華",15000 - 19999,濟州島
177,3b66b420-043a-481c-8899-6616d52b3fad,"台中, 湄公河","夜間活動, 文化歷史, 火車旅遊, 豪華",30000 - 34999,無
178,3c3c3dcc-62e7-4e53-b2dc-1b7c99b2e6d9,"上海迪士尼, 巴黎, 歐洲, 歐洲之星, 法國, 羅浮宮, 羊角村","主題樂園, 文化歷史, 自然景觀, 豪華, 購物",30000 - 34999,無
179,3c82d5d5-7420-49b4-a2cd-f695aec9c494,"夜景, 明洞, 景福宮, 東大門, 首爾, 高雄","夜間活動, 海島旅遊, 購物",25000 - 29999,無
180,3c8d6a56-5674-4fdc-b1ba-d6f60080fe31,"蘭桂坊, 香港",其他,無資料,香港
181,3c8e4a19-af7a-4e23-b892-ddd17906b7a6,"七星潭, 花蓮","火車旅遊, 自然景觀, 豪華",0 - 4999,無
182,3caabd22-4401-41cf-827e-01ce00de7518,高雄,海島旅遊,20000 - 24999,長灘島
183,3dc6ac68-dff8-45c1-abbb-dd4e63d18880,"台中, 台北, 合歡山, 宜蘭, 屏東, 新竹, 澎湖, 花蓮, 金門, 陽明山, 龜山島","夜間活動, 文化歷史, 海島旅遊, 溫泉之旅, 火車旅遊, 自然景觀, 豪華, 購物",0 - 4999,無
184,3de8581e-eaf6-489e-a772-b48b0bfe5825,"中尊寺, 大阪, 心齋橋, 環球影城, 黑門市場","主題樂園, 文化歷史, 豪華, 購物",15000 - 19999,日本東北
185,3dffc310-e191-475d-98e2-1e3b0f0051e1,金門,其他,10000 - 14999,無
186,3e43d883-023d-4b53-ac7a-970c28658c93,"吉隆坡, 基隆, 新加坡, 沖繩, 那霸",其他,30000 - 34999,無
187,3e84c37f-751c-4266-a889-2cda83fb72ea,"哈修塔特, 大阪, 大阪城, 布達佩斯, 神戶, 維也納, 美術館, 高雄","婚禮蜜月, 文化歷史, 美食, 自然景觀, 藝文體驗, 購物",65000 - 69999,無
188,3ee351ba-e156-45a2-8a97-8775b00a9d9f,"巴塞隆納, 格拉納達, 美術館, 西班牙, 風車村","火車旅遊, 藝文體驗, 豪華",135000 - 139999,無
189,3fd1d835-c03b-4d1e-9f80-99fbbc67c4de,"台北, 福岡",其他,5000 - 9999,"台北-Taipei(TPE), 福岡市-福岡縣-FUKUOKA(FUK)"
190,406e6e43-9079-4e3d-8fa8-9d3c86b6c728,"釜山, 高雄",自然景觀,10000 - 14999,"釜山, 釜山金海機場(PUS)"
191,40b41b04-afc3-4281-90b1-b79ada43c442,印度,"美食, 豪華, 購物",35000 - 39999,無
192,410199f1-99c0-4506-857a-be5b14d751d1,"台北, 巴塞隆納",其他,30000 - 34999,巴塞隆納-BARCELONA(BCN)
193,4150e177-bcf8-4ded-a89e-e04377d8e10e,"伏見稻荷大社, 大阪, 奈良, 平等院, 東大寺, 清水寺, 高雄","文化歷史, 美食",30000 - 34999,無
194,416b867e-016e-4d58-bad2-3bd4df067391,新加坡,其他,0 - 4999,無
195,41a0c47e-a033-4ee1-9653-ebdb6db996c9,"米蘭, 義大, 義大利",其他,100000 - 104999,無
196,42387203-3d58-4f6f-991e-a2ce3db8c3de,大阪,其他,0 - 4999,"大邱-DAEGU(TAE), 大阪, 大阪-OSAKA(OSA)"
197,427cd1ea-9b64-4450-9b53-d0435efcae40,"北村韓屋村, 南山, 塗鴉秀, 夜景, 弘大, 明洞, 景福宮, 東大門, 歐洲, 法國, 義大, 義大利, 首爾, 高雄","主題樂園, 夜間活動, 文化歷史, 海島旅遊, 網美打卡, 自然景觀, 豪華, 購物, 雪景",15000 - 19999,無
198,429d01b1-cf71-45f8-8467-1182be72f3e1,"台北, 東京",其他,15000 - 19999,"上海-SHANGHAI(SHA), 東京-TOKYO(TYO)"
199,42f80b94-2279-4f41-b7e6-8a698e1ed2c1,"台北, 舊金山",自然景觀,35000 - 39999,舊金山-加州-SANFRANCISCOCA(SFO)
200,43085dc9-4668-4639-9c60-6b33984dfcc9,東京,"主題樂園, 豪華",0 - 4999,無
201,436775b6-a877-42b8-8c55-4ed972f5561f,台北,其他,5000 - 9999,鄭州新鄭機場(CGO)
202,4420a46d-c495-43d7-81b5-aedbefc5bc31,"白廟, 藍廟, 鐘樓, 高雄","其他, 自然景觀, 親子旅遊, 購物",25000 - 29999,無
203,44a77c3d-cfa6-4d12-a214-de88fb88acbc,"京都, 大阪, 平等院, 環球影城","主題樂園, 自然景觀",30000 - 34999,無
204,45a8e513-1334-4130-99b9-a31b63ad01f6,"京都, 大阪, 平等院, 環球影城","主題樂園, 自然景觀",30000 - 34999,合掌村
205,4612c4dc-82de-4bfa-816d-feb58c490fc7,"七星潭, 花蓮","火車旅遊, 自然景觀, 豪華",0 - 4999,無
206,4662774a-9c50-40c0-836d-5e003b6e411f,"倫敦, 劍橋, 大英博物館, 屏東, 拉斯維加斯, 洛杉磯, 牛津, 環球影城, 臺東, 舊金山, 英國","主題樂園, 文化歷史, 火車旅遊, 自然景觀, 購物",55000 - 59999,美國
207,46b94894-1c6b-4a24-bbc2-e6f74adbe561,"小琉球, 鹿港","文化歷史, 海島旅遊, 美食, 藝文體驗",0 - 4999,無
208,46e8fbfa-e1f6-40ee-82d8-23d7661f34eb,"伏見稻荷大社, 北野, 北野異人館, 大阪, 奈良, 嵐山, 平等院, 有馬溫泉, 東大寺, 清水寺, 環球影城, 高雄","主題樂園, 其他, 文化歷史, 海島旅遊, 溫泉之旅, 美食, 自然景觀",35000 - 39999,無
209,476b4cdb-9fc8-4c58-9569-30f30854cff5,台北,美食,0 - 4999,無
210,4792f20f-ddc1-4014-a7b0-1e73e7c73f2c,"三仙台, 仙台, 台中, 合歡山, 太平山, 宜蘭, 清境農場, 花蓮, 高雄, 龜山島","其他, 海島旅遊, 溫泉之旅, 自然景觀, 豪華",10000 - 14999,無
211,481095f1-ceb6-4297-b3b7-7bfc1bfeb72d,"國王湖, 天鵝堡, 威尼斯, 少女峰, 尼斯, 德瑞, 德瑞法, 歐洲, 羅馬, 萊茵河, 馬特宏峰","火車旅遊, 自然景觀, 豪華",145000 - 149999,無
212,48109bff-f38d-4218-9ed5-6c27c8b09dd4,"少女峰, 嵐山, 德瑞, 有馬溫泉, 環球影城","主題樂園, 溫泉之旅, 火車旅遊, 自然景觀",70000 - 74999,無
213,4860bf9e-6a24-46b1-b497-49583cc47979,"台北, 澳門",其他,10000 - 14999,澳門-MACAU(MFM)
214,486da635-f75d-43a6-a4c1-4e73f71c3366,"澳門, 高雄","其他, 豪華",無資料,澳門
215,48f3e611-164c-482c-9a60-45ff28ece2ae,"太平山, 宜蘭",自然景觀,5000 - 9999,無
216,49a17f3f-afb8-43a1-b203-24b24698258c,"沖繩, 玉泉洞, 萬座毛","親子旅遊, 購物",25000 - 29999,無
217,49db8ced-9769-42a6-8c85-334a2a9fb969,"台中, 嘉義, 基隆, 情人湖, 義大, 花蓮, 西班牙, 高美, 高美濕地, 高雄","其他, 文化歷史, 美食, 自然景觀, 豪華, 購物",0 - 4999,無
218,4a01d593-2030-4f5d-8614-c9cf180bac1e,"九份, 內灣, 台中, 基隆, 宜蘭, 新北, 新竹, 桃園, 第二人6折｜基隆旅遊｜贈人氣芋泥球！最新地標基隆塔.太平青鳥書店.老鷹岩步道.仁愛市場大啖美食1日｜大人囝仔","其他, 火車旅遊, 美食, 自然景觀, 藝文體驗, 購物",0 - 4999,無
219,4a08d971-a470-452c-b0f0-91dd0186e3e1,"中尊寺, 二條城, 北海道, 北海道神宮, 富士, 小樽, 山寺, 東京, 橫濱, 熊本, 熊本城, 神戶, 神戶港, 銀山, 銀山溫泉街, 鎌倉, 長崎","主題樂園, 其他, 文化歷史, 海島旅遊, 溫泉之旅, 火車旅遊, 美食, 自然景觀, 親子旅遊, 豪華",40000 - 44999,無
220,4a216c44-fdcd-4f84-8e2f-8bf0471bec4f,台中,"文化歷史, 自然景觀",10000 - 14999,無
221,4a7880c9-37d4-4e4d-976b-0bbbe4ec1929,"沖繩, 波上宮, 美麗海水族館, 跨海大橋",親子旅遊,35000 - 39999,無
222,4b770510-335d-4c2f-ae1a-ee9f2d84a28f,"古宇利大橋, 沖繩, 漢拏樹木園, 美麗海水族館, 跨海大橋","海島旅遊, 親子旅遊, 豪華",20000 - 24999,"沖繩, 濟州島"
223,4bffd59d-5288-4065-af10-74e7684a53a8,"台中, 太平山, 宜蘭, 梅花湖",自然景觀,0 - 4999,無
224,4c77e423-174a-4971-a4ce-3262de4b6d07,"伊斯坦堡, 印度, 台中, 嘉義, 土耳其, 埃及, 威尼斯, 富士, 尼斯, 尼羅河, 峽灣, 德里, 捷普, 旗山老街, 歌劇院, 泰姬瑪哈, 紅海, 金字塔, 阿布辛貝, 阿格拉, 高雄","其他, 婚禮蜜月, 文化歷史, 海島旅遊, 火車旅遊, 美食, 自然景觀, 藝文體驗, 親子旅遊, 豪華",85000 - 89999,無
225,4caa703c-5c19-41f7-8a9a-cfdea0fb78a7,"台中, 屏東, 觀景台, 香港, 高雄","其他, 文化歷史, 美食, 自然景觀, 豪華, 購物",0 - 4999,無
226,4ceb8bf0-ab14-4fc9-8205-ffd49b122d08,花蓮,其他,0 - 4999,無
227,4df22d6b-ae97-4ad7-b68d-e08f8da7b0bd,"天鵝堡, 威尼斯, 尼斯, 德國, 慕尼黑, 米蘭, 羅曼蒂克大道, 羅馬, 義大, 義大利, 西班牙, 風車村","其他, 夜間活動, 文化歷史, 海島旅遊, 火車旅遊, 自然景觀, 購物",70000 - 74999,無
228,4e0e41a0-9430-427d-8f9f-9b3b922d3c67,"匈牙利, 土耳其, 多瑙河, 奧捷, 德里, 拉斯維加斯, 洛杉磯, 維也納, 羅浮宮, 舊金山, 西班牙, 馬德里","文化歷史, 自然景觀, 藝文體驗, 購物",80000 - 84999,無
229,4e5d076b-6916-4790-90f2-d2e506243167,"北海道, 小樽, 屏東, 巴黎, 歐洲, 沖繩, 美麗海水族館, 義大, 義大利, 臺東, 舊金山, 西班牙, 銀山, 阿拉斯加, 高雄","文化歷史, 海島旅遊, 溫泉之旅, 火車旅遊, 美食, 自然景觀, 親子旅遊, 豪華, 購物, 雪景",65000 - 69999,"澳洲, 過年"
230,4e8df440-339e-4ee8-98cd-fda18536657d,"巴黎, 羊角村","婚禮蜜月, 文化歷史, 火車旅遊, 豪華",145000 - 149999,歐洲
231,4e8e22f0-5c71-4f9e-97fd-61a4dcfaeb32,桃園,自然景觀,0 - 4999,無
232,4f5ffe38-0285-4602-9de3-a7c6d4fa87a1,"東大門, 首爾, 高雄",其他,0 - 4999,"目前周遭位置搜尋, 首爾, 首爾-SEOUL(SEL)"
233,4fed3f8a-a8be-483d-a944-f1e958d9790a,桃園,其他,30000 - 34999,華沙機場(WAW)
234,5050d2cb-a0b5-4c6d-a48a-3265ededa3f0,"北海道, 小樽, 小樽運河, 沖繩","文化歷史, 海島旅遊, 溫泉之旅, 自然景觀, 購物",25000 - 29999,超值特惠機票
235,5063ff75-a069-4342-b733-993b8e2f342e,"沖繩, 波上宮","海島旅遊, 自然景觀, 購物",25000 - 29999,沖繩
236,5089e4aa-4b68-403a-805e-f17bd794447e,"明洞, 釜山, 首爾","海島旅遊, 自然景觀, 購物, 雪景",40000 - 44999,"東北亞全選, 東南亞全選, 港澳珠圳全選"
237,50d02a0c-d67e-4b08-be29-3a4b640a1cda,"中尊寺, 嚴美溪, 時尚購物中心, 東京, 沖繩, 淺草, 玉泉洞, 美麗海水族館, 萬座毛, 觀音寺, 角館, 跨海大橋, 銀山","文化歷史, 溫泉之旅, 美食, 自然景觀, 親子旅遊, 購物",20000 - 24999,日本
238,5124d8bd-ac32-4d81-8bd7-a6e098cb39ca,九重夢大吊橋,"溫泉之旅, 自然景觀, 豪華",30000 - 34999,無
239,51385404-b323-4d71-954a-21771f39ce82,杉林溪,"自然景觀, 豪華",0 - 4999,無
240,51dae932-f6fa-422e-b04d-48b13b0cc1a9,台北,其他,5000 - 9999,"Hilton Newcastle Gateshead, Maldron Hotel Newcastle, Newcastle 希爾頓, 泰恩河畔新堡, 紐卡斯爾機場(NCL), 英國, 英格蘭"
241,51f7287a-5ee0-42d6-8c76-dac7b9a0deb7,"佛國寺, 台中, 明洞, 海雲台, 白燈塔, 西面, 釜山, 首爾, 高雄","主題樂園, 文化歷史, 海島旅遊, 火車旅遊, 自然景觀, 藝文體驗, 購物",20000 - 24999,釜山
242,527cccd1-5d6e-4364-b4c7-31e3ce714630,"台中, 大鵬灣, 小琉球, 屏東","文化歷史, 海島旅遊, 自然景觀",5000 - 9999,大鵬灣國家風景區
243,52880fac-bd8b-4178-be31-8a322a222983,"威尼斯, 尼斯, 巨石陣, 巴黎, 歐洲, 歐洲之星, 牛津, 米蘭, 羅馬, 義大, 義大利, 英法, 高雄","夜間活動, 文化歷史, 海島旅遊, 自然景觀, 購物",80000 - 84999,英國
244,53170921-bed0-4706-848a-6458466a5ff5,"澎湖, 花蓮, 高雄","海島旅遊, 自然景觀, 豪華",5000 - 9999,無
245,5319b51b-07d0-4446-99bb-6a27958597b7,"中尊寺, 北海道, 奧入瀨溪流, 小樽, 旭山動物園, 秋田, 美瑛青池, 角館, 銀山, 銀山溫泉街, 青森","文化歷史, 溫泉之旅, 火車旅遊, 美食, 自然景觀, 親子旅遊",45000 - 49999,無
246,5335887a-6fe6-4cf7-8de9-936fcda0b072,"富士, 新宿, 東京, 江之島, 河口湖, 淺草, 淺草寺, 箱根, 鎌倉, 高雄","文化歷史, 海島旅遊, 溫泉之旅, 火車旅遊, 美食, 自然景觀, 購物",40000 - 44999,東京
247,53bf40a2-c5db-4057-8e3e-0c2b10cad1db,"嘉義, 奮起湖, 新北, 高雄","溫泉之旅, 火車旅遊, 美食, 自然景觀",5000 - 9999,無
248,54419ff7-72f5-4b83-8c0a-aeb28bfc210b,"冰島, 冰洞, 歐洲, 芬蘭","海島旅遊, 自然景觀, 雪景",225000 - 229999,無
249,547cfcbd-dac2-4282-9663-3e446266f334,"函館, 北海道, 小樽, 熊牧場, 環球影城","主題樂園, 溫泉之旅, 美食, 自然景觀, 購物",35000 - 39999,無
250,54f6b280-04d2-4428-888e-766508ccfa9e,"函館, 北海道, 夜景, 小樽, 旭山動物園","夜間活動, 婚禮蜜月, 溫泉之旅, 美食, 自然景觀, 親子旅遊",55000 - 59999,北海道
251,5505d254-20be-4c6a-b5de-95101ccdedfb,"東京, 箱根","主題樂園, 溫泉之旅, 美食, 自然景觀",70000 - 74999,無
252,55836204-aa7a-4165-9cd7-1c1de21d243d,"台北, 東京",其他,10000 - 14999,東京-TYO
253,5668d8d0-addc-420c-90db-50695bfe38a5,"埃及, 尼羅河, 紅海, 金字塔","文化歷史, 豪華",65000 - 69999,無
254,5726dadd-2356-4315-a698-aa2e28cc0c90,"36古街, 高雄","海島旅遊, 自然景觀",30000 - 34999,"南美洲, 越南"
255,57293261-2ec7-4bdd-bc19-9cd17a2e2ac5,"函館, 北海道, 夜景, 熊牧場","夜間活動, 溫泉之旅, 美食, 自然景觀",55000 - 59999,無
256,57752dad-0381-48f9-b15f-0b28556ef11a,"埃及, 尼羅河, 紅海, 金字塔, 阿布辛貝",豪華,90000 - 94999,埃及
257,582c4b36-2909-4e3e-9823-fb8e0d6d61f6,"劍湖山, 墾丁, 麗寶, 麗寶樂園","主題樂園, 其他, 自然景觀, 豪華",5000 - 9999,"六福村樂園, 劍湖山世界, 台中, 墾丁"
258,582fea10-28a7-4357-b044-4ec9b5dee9d9,"米蘭, 義大, 義大利",其他,100000 - 104999,無
259,5882be18-f58a-47fb-aeb0-b91a5a0e1132,"嘉義, 奮起湖, 阿里山, 高雄","火車旅遊, 自然景觀, 豪華",5000 - 9999,阿里山
260,58d00e2d-d4a9-4aa5-ab77-688ec838db1e,"富士, 明治神宮, 東京, 橫濱, 江之島, 河口湖, 西湖, 鎌倉","主題樂園, 婚禮蜜月, 海島旅遊, 溫泉之旅, 美食, 自然景觀",50000 - 54999,"古都鎌倉, 東京"
261,5a290bec-c935-4c3c-85db-cc57e5204abc,"京都, 六甲山, 大阪, 天王寺動物園, 奈良, 東大寺, 清水寺, 高雄","文化歷史, 火車旅遊, 美食, 自然景觀, 親子旅遊, 雪景",35000 - 39999,日本環球影城
262,5a9849e3-38a3-46eb-b32a-3971439656cd,"新竹, 香港","其他, 海島旅遊",0 - 4999,無
263,5a9f6a3b-a591-4fc4-ad94-80a12ba4637b,"台北, 札幌",其他,20000 - 24999,無
264,5ac8e8a0-b855-4957-bf7f-77c9d6dff0cb,"函館, 北海道, 北海道大學, 夜景, 小樽, 小樽運河, 小樽音樂盒堂, 旭山動物園, 札幌, 海洋公園, 熊牧場, 高雄","夜間活動, 婚禮蜜月, 海島旅遊, 溫泉之旅, 美食, 自然景觀, 親子旅遊, 豪華",45000 - 49999,無
265,5acb0a29-2554-4a4e-b7f7-31ce30cca244,台北,其他,5000 - 9999,無
266,5adbb3c8-2b06-4385-b2f1-c79b3f486b3e,"京都, 伏見稻荷大社, 六甲山, 北野, 北野異人館, 大阪, 大阪城, 奈良, 宇治, 宇治川, 嵐山, 平等院, 有馬溫泉, 東大寺, 東福寺, 清水寺, 環球影城, 神戶, 神戶動物王國, 神戶港, 金閣寺, 長谷寺, 高雄, 黑門市場","主題樂園, 文化歷史, 溫泉之旅, 火車旅遊, 美食, 自然景觀, 藝文體驗, 親子旅遊, 豪華, 購物",40000 - 44999,"台中出發包機, 大阪, 環球影城, 骯骯骯骯骯"
267,5b3e8430-5cf8-4b04-802b-b9d5ca217c7f,"峽灣, 挪威","夜間活動, 火車旅遊, 自然景觀",155000 - 159999,北歐全選
268,5b450cd9-abc7-4f08-b8fd-0a2cf76441e2,"中尊寺, 仙台, 北野, 北野異人館, 十和田湖, 大阪, 奈良, 奧入瀨溪流, 富士, 嵐山, 東京, 東大寺, 河口湖, 環球影城, 角館, 銀山, 銀山溫泉街, 黑門市場","主題樂園, 文化歷史, 海島旅遊, 溫泉之旅, 火車旅遊, 美食, 自然景觀, 購物",45000 - 49999,無
269,5baebfac-7f61-4481-80b3-92a379327977,"沖繩, 石垣島, 美麗海水族館, 萬座毛, 釜山, 長崎, 首里城","其他, 海島旅遊, 自然景觀, 親子旅遊",0 - 4999,日本
270,5c1e20af-b6b7-42e1-a21e-ab02fe50887b,印度,其他,80000 - 84999,"中亞, 中東, 摩洛哥"
271,5c2068da-65fd-4628-9d62-5ae2e799262d,"國際通, 明洞, 沖繩, 海雲台, 跨海大橋, 那霸, 釜山, 首爾","主題樂園, 其他, 夜間活動, 海島旅遊, 火車旅遊, 美食, 自然景觀, 藝文體驗, 豪華, 購物, 雪景",20000 - 24999,"九州, 四國、中國地區, 沖繩, 韓國全選"
272,5c4e65c8-1a56-469d-8af3-43cad9c195c0,大阪,其他,10000 - 14999,大阪
273,5d7bc488-05ce-4b83-852a-f6d7f030e4bd,"台北, 屏東",其他,0 - 4999,無
274,5db40c03-57b7-42a4-afde-33ec6b593767,"六甲山, 函館, 北海道, 嘉義, 圓山動物園, 夜景, 大阪, 奈良, 富士, 小樽, 小樽音樂盒堂, 心齋橋, 日月潭, 旭山動物園, 札幌, 東京, 東大寺, 海洋公園, 清水寺, 熊牧場, 環球影城, 神戶, 阿里山, 高雄","主題樂園, 其他, 夜間活動, 文化歷史, 海島旅遊, 溫泉之旅, 火車旅遊, 美食, 自然景觀, 藝文體驗, 親子旅遊, 雪景",30000 - 34999,"台南, 日本, 澎湖"
275,5de401e4-71d9-4bbe-9517-f0b40dcd4bed,"嘉義, 奮起湖, 苗栗, 高雄",自然景觀,0 - 4999,無
276,5e32d14b-53ef-4e23-9f48-d3b84f98a089,"函館, 北海道, 夜景","夜間活動, 溫泉之旅, 火車旅遊, 美食, 自然景觀",45000 - 49999,無
277,5e353546-94a9-411b-8cad-2529db9e026e,宜蘭,其他,0 - 4999,"台灣, 宜蘭縣"
278,5e9fe3c3-6bbb-4a5b-9a4b-d8895bb5de93,桃園,豪華,5000 - 9999,"新北, 桃園"
279,5efda46d-feef-45e4-8ec3-290a007f20a7,"凡爾賽, 巨石陣, 巴黎, 歐洲, 羅浮宮, 羊角村, 英法","文化歷史, 購物",105000 - 109999,無
280,5f2f891e-2759-47a4-b19e-1bec1756ac18,"台北, 宜蘭, 新北","其他, 自然景觀",0 - 4999,無
281,5f42e4d9-40a8-4ea6-b63d-70fabd2d3e72,"台中, 嘉義, 奮起湖, 宜蘭, 屏東, 平溪, 杉林溪, 阿里山","主題樂園, 其他, 文化歷史, 自然景觀, 豪華, 購物",0 - 4999,無
282,5fa0f259-f9e2-42a9-9d2a-7dfdd378504d,花蓮,其他,0 - 4999,ㄏㄨㄚㄌㄧㄢ
283,5fa47263-2abd-400b-bc71-aba82fd276dc,台中,文化歷史,0 - 4999,無
284,606d1898-254a-46cb-a72b-5ac48ee48081,"日月潭, 苗栗","其他, 文化歷史, 美食",0 - 4999,無
285,6094169b-0ecf-48d6-a668-bc72eec98250,"富士, 新宿, 東京, 箱根, 箱根海盜船","主題樂園, 溫泉之旅, 自然景觀, 購物",45000 - 49999,無
286,60c28671-6d5f-4230-92b1-86a73cf0f50b,札幌,其他,0 - 4999,無
287,60fa330c-c68a-465a-8af3-de6039172990,高雄,其他,0 - 4999,無
288,613b5473-fc18-4fb1-8d41-8e9701610257,"伏見稻荷大社, 台中, 大阪, 太宗台, 海雲台, 清水寺, 環球影城, 金閣寺, 釜山, 香港, 香港迪士尼樂園","主題樂園, 其他, 文化歷史, 火車旅遊, 自然景觀, 親子旅遊",20000 - 24999,"紐約, 香港"
289,6263c065-68a6-4b7a-831e-1f8dc34d8830,"台北, 首爾",其他,5000 - 9999,首爾-SEOUL(SEL)
290,628cbfea-9d7c-40b7-83e9-a9323192d24a,"伏見稻荷大社, 北野, 北野異人館, 大阪, 奈良, 嵐山, 有馬溫泉, 東大寺, 清水寺, 環球影城, 金閣寺, 高雄","主題樂園, 文化歷史, 溫泉之旅, 自然景觀",35000 - 39999,無
291,62ceac9c-190c-4548-9118-69ad4d8a2ff2,"法國, 羅浮宮",購物,55000 - 59999,無
292,6370ace1-ea3d-4660-93e8-c649f9dbe02a,"明洞, 海雲台, 釜山, 首爾, 高雄","主題樂園, 其他, 海島旅遊, 火車旅遊, 自然景觀, 豪華, 購物, 雪景",35000 - 39999,無
293,6378cd56-523f-415b-b176-d9c54331bc2f,"哈修塔特, 布達佩斯, 維也納","婚禮蜜月, 自然景觀",95000 - 99999,無
294,64f67a80-558e-44bb-b061-d3367778313b,"倫敦, 劍橋, 大英博物館, 巴黎, 愛丁堡, 比利時, 牛津, 羅浮宮, 羊角村, 英國, 英荷比法, 阿姆斯特丹","其他, 文化歷史, 自然景觀, 購物",95000 - 99999,無
295,65102b9d-879b-405f-b34c-cb46b609b70f,"雲林, 高雄",自然景觀,0 - 4999,無
296,65886cd6-1650-43ad-af48-4f46484331a7,"台北, 沖繩, 那霸, 阿里山","其他, 火車旅遊, 自然景觀, 豪華",25000 - 29999,夏威夷
297,65a1bb01-929a-4ad0-88a9-2e8825ca3bb5,"九份, 台北, 宜蘭, 故宮, 梅花湖, 花蓮, 西門町, 阿里山, 龜山島","其他, 海島旅遊, 美食, 自然景觀",10000 - 14999,"一日遊, 鳴日號"
298,65ad7c4e-2e2f-4ee3-a2ab-f6130118dd3f,"環球影城, 芬蘭, 阿拉斯加","主題樂園, 溫泉之旅, 火車旅遊, 美食, 自然景觀, 雪景",120000 - 124999,無
299,65cc1cad-813f-44f8-baa8-d7a508673ca0,"36古街, 高雄","海島旅遊, 自然景觀",35000 - 39999,越南
300,665232f0-36b9-4dd0-9b49-d0469f9f09f7,峽灣,"戶外活動, 海島旅遊, 溫泉之旅, 美食, 自然景觀, 豪華",135000 - 139999,無
301,66820fd2-ca2c-4309-8e1e-f2c1c1f236bb,"台中, 台北, 嘉義, 墾丁, 奇美, 屏東, 拉拉山, 桃園, 瑞穗牧場, 石門水庫, 花蓮","文化歷史, 溫泉之旅, 火車旅遊, 網美打卡, 自然景觀, 豪華, 購物",0 - 4999,台灣全選
302,66ca53f6-2755-4863-822d-b71ed438e364,"拉斯維加斯, 洛杉磯, 舊金山",自然景觀,85000 - 89999,美國全選
303,66cfb56d-b1a3-4aa6-8216-792bf60edd2f,"北海坑道, 北竿, 東莒, 東莒燈塔, 西莒","其他, 美食",15000 - 19999,"台灣全選, 東南亞全選"
304,67086a2b-42e8-4097-a2f8-e1a7c3b49dc2,花蓮,其他,0 - 4999,花蓮美侖大飯店
305,6709e37f-2424-493e-ab44-24c41ef7988b,"富士, 東京, 橫濱","主題樂園, 火車旅遊, 自然景觀",30000 - 34999,無
306,674db99d-1a6f-4a12-892f-0e88c4aa6637,首爾,其他,0 - 4999,無
307,67763f00-bdc8-4c5d-854b-f245724b7df4,"別府, 灶地獄, 阿里山","溫泉之旅, 自然景觀",5000 - 9999,無
308,67b133af-5ee6-4c25-a528-7c5387b17db7,"台中, 哈修塔特, 布達佩斯, 德瑞, 維也納, 羅曼蒂克大道, 萊茵河","婚禮蜜月, 文化歷史, 溫泉之旅, 火車旅遊, 自然景觀",60000 - 64999,無
309,6862eaf4-ebba-4484-bd92-2511814d2874,日月潭,"其他, 藝文體驗",5000 - 9999,無
310,688261ce-44f2-463f-bd3b-e5203636aca0,"台中, 台北, 嘉義, 基隆, 太平山, 奮起湖, 宜蘭, 日月潭, 知本溫泉, 阿里山, 高雄","文化歷史, 溫泉之旅, 火車旅遊, 自然景觀, 豪華, 購物",5000 - 9999,無
311,6888e3ef-800b-49af-8f7c-e3bd0a649d77,"弘大, 新潟, 明洞, 首爾","主題樂園, 海島旅遊, 自然景觀, 雪景",20000 - 24999,無
312,69075bca-07c5-4506-88a8-7697f764058d,台中,"文化歷史, 自然景觀",5000 - 9999,無
313,695a03a2-437d-4aec-8611-a50e427c10c9,"東大門, 東大門夜市, 歐洲, 歐洲之星, 花蓮","其他, 夜間活動, 豪華",0 - 4999,花蓮
314,6ab26fa5-f66d-48e1-a4f2-a144ca0eb517,"吉隆坡, 新加坡",其他,40000 - 44999,郵輪
315,6b507f5f-d652-48c6-817d-9158903644de,"台北, 時代廣場",其他,75000 - 79999,紐約甘乃迪機場(JFK)
316,6b584e92-aad1-4d04-881d-606609449695,"佛國寺, 安東河回村, 海雲台, 瞻星台, 釜山","文化歷史, 溫泉之旅, 火車旅遊, 自然景觀, 購物",20000 - 24999,賞楓
317,6b585ffe-c3f9-4ce2-9ac6-73162aeefafd,"威尼斯, 尼斯, 巴黎, 布魯日, 羅馬, 羊角村, 義大, 義大利, 風車村, 高雄","夜間活動, 婚禮蜜月, 文化歷史, 海島旅遊, 火車旅遊, 美食, 豪華, 購物",145000 - 149999,無
318,6b770a32-256b-4bb8-b5a5-e1df54b412dd,"國際通, 富士, 時尚購物中心, 東京, 沖繩, 淺草, 淺草寺, 美麗海水族館, 跨海大橋, 鄭王廟, 高雄","主題樂園, 其他, 文化歷史, 海島旅遊, 溫泉之旅, 美食, 自然景觀, 親子旅遊, 豪華, 購物",25000 - 29999,富國島
319,6b80bc96-25d6-4794-9ec7-2bacb72d32ec,"倫敦, 劍橋, 哈修塔特, 大英博物館, 天鵝堡, 奧捷, 布拉格, 德國, 慕尼黑, 牛津, 維也納, 羅曼蒂克大道, 英國","其他, 文化歷史, 購物",55000 - 59999,泰國
320,6ba4c264-c441-45df-9397-a679c69d5edb,"倫敦, 威尼斯, 尼斯, 巴黎, 東京, 澳門, 香港","其他, 海島旅遊, 豪華",0 - 4999,無
321,6bf19adc-311e-4ed0-959c-ee2868940a0f,東京,其他,0 - 4999,東京上野諾加飯店
322,6c22d39c-e014-4011-931a-992beb27b7ab,台中,其他,0 - 4999,無
323,6c2eed75-2c23-48b0-b5cc-dd4793c3d06e,高雄,"海島旅遊, 自然景觀, 購物",30000 - 34999,無
324,6cb2c00b-e97a-40b3-8ab0-fd34c3cad6c7,"台北, 東京",其他,0 - 4999,無
325,6d29ff5c-62cf-4421-8a5a-ce4ff388b3f5,鄭王廟,親子旅遊,20000 - 24999,無
326,6e672df3-ca2c-42c7-9897-79cb404fb621,"哈修塔特, 奧捷, 布拉格, 布達佩斯, 庫倫洛夫, 維也納",自然景觀,60000 - 64999,無
327,6e8209e8-2311-46d5-b33e-9ce28c6220d0,"白廟, 藍廟, 鐘樓","文化歷史, 自然景觀, 豪華, 購物",25000 - 29999,"泰國, 清邁"
328,6f758f83-17e6-4e62-9e29-f746575c7712,"大阪, 心齋橋",其他,15000 - 19999,"京都, 大阪"
329,6f93b61e-970a-48be-96b1-73b931a172ee,花蓮,其他,0 - 4999,"台灣, 花蓮"
330,6fc5616f-01dc-419c-9176-3db8e917a453,"嘉義, 美術館, 義大, 阿里山, 高雄","其他, 火車旅遊, 自然景觀, 藝文體驗",0 - 4999,義大世界
331,70221f5d-1900-4d7b-8d34-fc8b68a218ea,"台北, 大阪",其他,5000 - 9999,大阪-OSAKA(OSA)
332,70c3fc57-7384-4cc1-9a16-0081e2eefe6c,"台中, 沖繩, 美麗海水族館","文化歷史, 海島旅遊, 溫泉之旅, 自然景觀, 藝文體驗, 親子旅遊, 購物",35000 - 39999,日本全選
333,7128d833-ffd5-465e-bd1c-b7b81005bb1c,"函館, 北海道, 小樽, 海洋公園","海島旅遊, 溫泉之旅, 美食, 自然景觀",30000 - 34999,特選北海道
334,71855951-b4f4-40c5-9cfc-f41268115d52,釜山,"自然景觀, 購物",20000 - 24999,無
335,71d1f75d-644d-42f2-8fbc-f5b71d992dfc,花蓮,其他,0 - 4999,無
336,7250d2f7-9b6f-48f3-8c81-1843dab0dfbb,"基隆, 沖繩",海島旅遊,30000 - 34999,郵輪
337,725c1441-9a91-40ca-a50e-388f1f7f08d4,"威尼斯, 尼斯, 義大, 義大利","海島旅遊, 自然景觀",80000 - 84999,克羅
338,7278f3d4-0315-4e65-ba1a-d81b3a320881,"北海道, 小樽, 旭山動物園, 札幌","溫泉之旅, 美食, 自然景觀, 親子旅遊",65000 - 69999,無
339,72887630-7d18-4dbe-b5f6-4a3403a09a2a,"海雲台, 釜山","夜間活動, 海島旅遊, 火車旅遊, 自然景觀, 藝文體驗, 購物",15000 - 19999,釜山
340,730c8525-af96-4a4f-b291-e976b515b307,"台中, 臺東","火車旅遊, 豪華, 購物",0 - 4999,無
341,7322ad8e-e656-4235-a316-30f2c3f477f0,"仁寺洞, 北村韓屋村, 弘大, 明洞, 東大門, 清溪川, 首爾","主題樂園, 文化歷史, 購物",15000 - 19999,首爾
342,755bf058-e7d6-4669-925a-130e70f80219,"北投溫泉, 南庄老街, 台中, 台北, 嘉義, 小烏來, 拉拉山, 新北, 新竹, 旗山老街, 桃園, 淡水, 烏來, 苗栗, 陽明山, 高美, 高美濕地, 高雄, 龍騰斷橋","其他, 文化歷史, 海島旅遊, 溫泉之旅, 自然景觀",0 - 4999,無
343,75828c32-7450-4ff6-bf3f-440ffc902ff7,"嘉義, 新竹, 桃園, 阿里山, 高雄","其他, 文化歷史, 火車旅遊, 自然景觀",5000 - 9999,"德島, 新竹"
344,764d088f-79cd-4ee7-b8cd-6b8eeb1f966c,"台中, 太平山, 宜蘭, 花蓮","溫泉之旅, 火車旅遊, 美食, 自然景觀, 藝文體驗",0 - 4999,無
345,764fa876-7e47-4dcd-ac78-2070fe595af9,"峨眉湖, 新竹","美食, 自然景觀",0 - 4999,無
346,766356c5-9a93-469d-b426-ec01ab5806d8,"京都, 北野, 大阪, 嵐山, 平等院, 東福寺, 環球影城, 神戶","主題樂園, 文化歷史, 自然景觀, 藝文體驗, 親子旅遊",40000 - 44999,日本環球影城
347,766a7cfe-9ffe-4570-9929-fd37b2dd9c20,首爾,"主題樂園, 海島旅遊, 網美打卡, 自然景觀",10000 - 14999,無
348,76997101-2d9f-481c-9a0d-a8fd698d0748,"仙台, 函館, 北海道, 夜景, 奧入瀨溪流, 小樽, 山形, 旭山動物園, 明洞, 花卷溫泉, 銀山, 銀山溫泉街, 首爾","夜間活動, 婚禮蜜月, 海島旅遊, 溫泉之旅, 美食, 自然景觀, 親子旅遊, 豪華, 雪景",75000 - 79999,"日本, 韓國"
349,76c3d2c5-fdb1-42e1-95f3-055cab2095a9,"富士, 新宿, 東京, 江之島, 箱根","文化歷史, 海島旅遊, 火車旅遊, 美食, 自然景觀",35000 - 39999,無
350,76c9ea16-7030-41e9-8f96-1724bda24d8b,"函館, 北海道, 夜景, 小樽, 旭山動物園, 東京, 海洋公園","主題樂園, 夜間活動, 海島旅遊, 溫泉之旅, 美食, 自然景觀, 親子旅遊, 豪華, 雪景",35000 - 39999,北海道
351,77338457-ca61-4369-b76a-da695a206192,"海雲台, 釜山","海島旅遊, 火車旅遊, 自然景觀, 藝文體驗, 購物",20000 - 24999,無
352,77465892-b425-4b0d-9177-850ca22cbe71,"哈修塔特, 國王湖, 奧捷","自然景觀, 豪華",150000 - 154999,無
353,777f9d98-afc2-4b5c-a52d-7746b87e8a12,"六本木, 新宿, 銀座",其他,0 - 4999,無
354,77d7777a-7aba-4b69-9790-43e2e0e42f40,宜蘭,自然景觀,0 - 4999,無
355,78266caa-fa1c-4dce-854c-fbb5180ab786,"埃及, 尼羅河, 紅海, 金字塔, 阿布辛貝, 阿拉斯加","文化歷史, 溫泉之旅, 自然景觀, 雪景",130000 - 134999,"埃及, 美西"
356,784c4b00-4239-40b1-9cf2-c0353a7fb3d4,"中尊寺, 函館, 北海道, 嚴美溪, 富士, 小樽, 時尚購物中心, 東京, 橫濱, 沖繩, 熊牧場, 玉泉洞, 萬座毛, 角館, 跨海大橋, 銀山, 銀山溫泉街","主題樂園, 文化歷史, 海島旅遊, 溫泉之旅, 火車旅遊, 美食, 自然景觀, 購物",25000 - 29999,無
357,7861a757-2d17-4ae3-8457-06aae326982f,"台北, 大阪, 心齋橋, 東京, 環球影城, 黑門市場","主題樂園, 其他, 購物",10000 - 14999,"東京, 東京-TOKYO(TYO)"
358,78952252-9ead-43c6-87e2-2e963f9244ef,"仙台, 富士, 東京, 河口湖, 角館, 銀山, 青森","主題樂園, 文化歷史, 溫泉之旅, 美食, 自然景觀",50000 - 54999,東京
359,789d7020-dd1f-45ea-86de-48db3a3cc053,"嘉義, 阿里山","婚禮蜜月, 自然景觀",50000 - 54999,無
360,78a9c05d-a523-4c97-be40-46636ffd5fd8,花蓮,其他,0 - 4999,花蓮
361,78e6e602-a13b-485b-b79b-4cbfe531da0f,"京都, 仁寺洞, 北海道, 塗鴉秀, 夜景, 大阪, 奈良, 富士, 巴塞隆納, 弘大, 德里, 明洞, 景福宮, 東京, 格拉納達, 歐洲, 河口湖, 神戶, 西班牙, 首爾, 馬德里, 高雄","主題樂園, 其他, 夜間活動, 文化歷史, 海島旅遊, 溫泉之旅, 火車旅遊, 美食, 自然景觀, 親子旅遊, 豪華, 購物, 雪景",30000 - 34999,無
362,7954bfbb-cc92-451a-9780-69984e99d2b4,"台北, 澎湖",自然景觀,5000 - 9999,無
363,79e6681e-b2a3-4742-ae50-666ca2420d31,"沖繩, 那霸",其他,15000 - 19999,無
364,79e9a5d2-0d3c-477b-9380-d467a45181bd,"六十石山, 新竹, 桃園, 花蓮, 高雄","婚禮蜜月, 自然景觀",0 - 4999,無
365,7a490c04-85be-4f8e-820e-1df8f2fb20d3,"台中, 桃園, 石門水庫","文化歷史, 自然景觀",0 - 4999,無
366,7aa5f9ed-9497-4421-9293-551efa08e890,"海洋公園, 西班牙","主題樂園, 海島旅遊",25000 - 29999,無
367,7b504dd8-304f-4122-8244-678641ab0353,釜山,"自然景觀, 購物, 雪景",35000 - 39999,無
368,7b933b7c-d04e-4175-ba70-3cdb3a77bebb,"嘉義, 奮起湖, 阿里山, 高雄","火車旅遊, 自然景觀",5000 - 9999,無
369,7b9bf92d-e48f-495b-a602-e1cc71b011e8,義大,其他,10000 - 14999,"宿霧, 泰國全選, 菲律賓"
370,7bb458c7-cebf-41cf-9d0b-17da5f7b00e2,"東京, 淺草, 高雄",其他,15000 - 19999,日本全選
371,7c1361cf-fd4d-4eac-a219-83c7a455f892,"天鵝堡, 布拉格, 德國, 捷克","文化歷史, 美食, 購物",65000 - 69999,"土耳其, 捷克, 斯里蘭卡"
372,7c2a4fa7-2b08-48cd-a7b5-7c107ecd66bb,"台中, 杉林溪, 花蓮, 高雄","主題樂園, 其他, 美食, 自然景觀",0 - 4999,無
373,7c96859d-1cd6-4aa1-8599-44211d07821b,"土耳其, 天鵝堡, 巴黎, 德國, 慕尼黑, 故宮, 歐洲, 歐洲之星, 米蘭, 羅曼蒂克大道, 羊角村, 義大, 義大利","其他, 文化歷史, 美食, 自然景觀, 豪華",120000 - 124999,土耳其
374,7cd50bdd-9fd0-47ea-bd0d-080b96c1563e,"大阪, 環球影城, 神戶","主題樂園, 藝文體驗, 親子旅遊",45000 - 49999,無
375,7dc8a290-1d35-4128-a094-4afca6a70896,"台北, 大阪",其他,10000 - 14999,"大阪-OSAKA(OSA), 東京-TOKYO(TYO)"
376,7e0cf70a-cea2-45e4-bc5c-6d653bcacf8f,"台中, 台北, 新竹, 桃園","火車旅遊, 自然景觀",5000 - 9999,台灣
377,7e1998dc-c395-4d03-8785-f9a13804f901,"基隆, 石垣島, 翟山坑道, 金門, 金門高粱, 風獅爺","其他, 海島旅遊, 自然景觀",5000 - 9999,無
378,7fd55ed1-0c74-4118-9cb0-9946e8db1e4b,"十分瀑布, 高雄","海島旅遊, 溫泉之旅, 美食, 自然景觀",5000 - 9999,無
379,806a8a28-a559-4c5d-9534-9cbbedff513d,"台北, 大阪",其他,50000 - 54999,大阪-OSAKA(OSA)
380,80719ba1-f249-4cf7-948c-d9c18f455e1e,桃園,其他,0 - 4999,桃園
381,809b1c81-8b93-46ec-9f5e-e865716bb94e,"法國, 羅浮宮",購物,55000 - 59999,無
382,80a6f644-3914-4c00-a8ec-d8a121f9b4d9,"七星潭, 三仙台, 仙台, 台中, 台北, 新竹, 桃園, 花蓮, 鯉魚潭","主題樂園, 其他, 婚禮蜜月, 海島旅遊, 火車旅遊, 美食, 自然景觀, 豪華",0 - 4999,無
383,80c03138-b337-46e5-980f-756e167812be,台北,海島旅遊,10000 - 14999,長灘島-BORACAY(MPH)
384,80e07482-ee85-450d-8950-6b423dd2b20a,淡水,其他,0 - 4999,無
385,81082e30-e619-40b1-8280-253474174d76,"新潟, 群馬",雪景,55000 - 59999,無
386,81a4bcc7-7799-4dbb-8855-e75634240e0c,"基隆, 沖繩, 石垣島",海島旅遊,40000 - 44999,無
387,81e436a7-3af2-4d8f-8c8e-90efbb2957ac,"函館, 北海道, 夜景, 天狗山, 小樽, 小樽運河, 小樽音樂盒堂, 慕尼黑, 札幌, 海洋公園, 熊牧場","夜間活動, 婚禮蜜月, 文化歷史, 海島旅遊, 溫泉之旅, 美食, 自然景觀, 豪華, 雪景",40000 - 44999,無
388,81e90001-757f-43dc-988f-b029c2d97046,"函館, 北海道, 小樽, 熊牧場","溫泉之旅, 美食, 自然景觀",35000 - 39999,無
389,8200f498-eb19-423c-a3f9-8ce91e63f15d,"濱海灣花園, 黑風洞",豪華,20000 - 24999,無
390,820d6f58-c060-4425-84b8-f002a9147efa,"伊斯坦堡, 佛羅倫斯, 劍橋, 哈修塔特, 土耳其, 大英博物館, 天鵝堡, 奧捷, 威尼斯, 尼斯, 巴黎, 布拉格, 庫倫洛夫, 德國, 德瑞, 比利時, 牛津, 瑞士, 米蘭, 維也納, 羅曼蒂克大道, 羅浮宮, 羅馬, 義大, 義大利, 英國, 英荷比法, 萊茵河, 鐘樓","夜間活動, 婚禮蜜月, 文化歷史, 海島旅遊, 溫泉之旅, 火車旅遊, 美食, 自然景觀, 豪華, 購物",70000 - 74999,"新加, 歐洲, 歐洲一口, 歐洲一口假, 英"
391,824896d1-d059-431a-aaf0-f63e406aa4ca,"海地獄, 湯布院, 金鱗湖, 高雄","溫泉之旅, 火車旅遊, 自然景觀, 豪華",35000 - 39999,無
392,826390a6-6188-4767-be55-e015b444d2c0,"京都, 六甲山, 大阪, 大阪城, 奈良, 心齋橋, 有馬溫泉, 海遊館, 湯布院, 環球影城, 金閣寺, 金鱗湖, 高雄","主題樂園, 其他, 文化歷史, 溫泉之旅, 火車旅遊, 美食, 自然景觀, 親子旅遊, 豪華, 雪景",45000 - 49999,無
393,828572a6-4729-4d0f-8ebd-adcd6e0a539d,"中尊寺, 仙台, 奧入瀨溪流, 富士, 山形, 東京, 田澤湖, 秋田, 美術館, 花卷溫泉, 角館, 銀山, 銀山溫泉街","文化歷史, 海島旅遊, 溫泉之旅, 火車旅遊, 美食, 自然景觀, 藝文體驗, 親子旅遊, 豪華, 雪景",50000 - 54999,"北陸名古屋, 東京, 東北"
394,828b1120-30f2-4f88-a243-67d9ab94243c,"仙台, 青森",雪景,65000 - 69999,無
395,82ab3c14-dc5a-40f4-968b-4a2dbe28f948,"德瑞, 萊茵河, 藍湖",自然景觀,95000 - 99999,瑞士
396,82cd02e1-4024-41f0-91de-ccc06f61e9f7,"埃及, 尼羅河, 紅海, 金字塔, 阿布辛貝","文化歷史, 豪華",80000 - 84999,無
397,82ffd005-cacd-400a-afbf-2747633748b1,高雄,其他,無資料,曼谷
398,8320aef7-c607-4341-a809-979700eb0e17,"匈牙利, 哈修塔特, 國王湖, 多瑙河, 奧捷, 少女峰, 布拉格, 庫倫洛夫, 德瑞, 維也納, 馬特宏峰","文化歷史, 火車旅遊, 自然景觀, 豪華",105000 - 109999,"奧地利, 德瑞"
399,83520b1c-dd6f-40d3-a268-3f0a49491838,"海雲台, 西面, 釜山","主題樂園, 海島旅遊, 火車旅遊, 自然景觀, 藝文體驗, 購物",20000 - 24999,韓國全選
400,83e7d085-9a0a-4d49-ba04-29ff5ad8da76,東京,其他,0 - 4999,無
401,844b0951-871c-404c-a3f8-27e2ea0db966,"宇治, 宇治茶, 平等院, 有馬溫泉","文化歷史, 溫泉之旅, 自然景觀",35000 - 39999,無
402,848f14b2-4e9e-4e50-b931-4c2fc2a7995b,義大,其他,0 - 4999,無
403,84a2ff59-7b0c-4b53-99d7-244a054ab25f,"藍廟, 鐘樓","自然景觀, 購物",25000 - 29999,泰國全選
404,852afc54-1bc6-4919-bed3-5cc5e237a5a9,"吉隆坡, 高雄",其他,0 - 4999,無
405,85411528-e58c-46c6-850f-b3f3a0318cff,"湯布院, 金鱗湖, 高雄","文化歷史, 溫泉之旅, 火車旅遊, 自然景觀",35000 - 39999,無
406,85747c17-3300-4fa2-92e0-8411568f902a,"屏東, 臺東",火車旅遊,0 - 4999,無
407,8643a403-89a1-41f2-b01a-95de538dab52,"台中, 香港",其他,5000 - 9999,香港-HONGKONG(HKG)
408,868e9030-4c2e-492d-b8fe-21a0d90be82f,"國際通, 沖繩, 美麗海水族館, 高雄","海島旅遊, 親子旅遊, 購物",25000 - 29999,無
409,869af8bf-d863-4f96-a691-381e6ec7f472,"台北, 東京",其他,15000 - 19999,"東京-TOKYO(TYO), 東京-TYO"
410,86a46658-0704-4a05-9dcb-5e0d4f320f04,"函館, 北海道, 小樽, 熊牧場","溫泉之旅, 美食, 自然景觀",30000 - 34999,無
411,86e7da08-94ea-4115-9a59-9b09c35f7a70,"台中, 金門",其他,5000 - 9999,無
412,8709acb1-442b-4712-a13e-fd55fed3aa79,"卡帕多奇亞, 土耳其, 棉花堡",文化歷史,40000 - 44999,無
413,8720fc54-20f4-4720-9182-db09a42a877e,"台中, 高美, 高美濕地",其他,0 - 4999,無
414,87a81192-fc76-4ba3-bdfd-a682ba8facec,"富士, 富士五湖, 東京, 箱根, 西湖","主題樂園, 文化歷史, 海島旅遊, 溫泉之旅, 自然景觀",65000 - 69999,日光
415,87d618d4-1c02-4af3-a65c-e49cc07777a0,"台北, 首爾",其他,5000 - 9999,首爾-SEOUL(SEL)
416,880cc16c-035f-4df9-9c5e-717bcd9ef15c,台北,其他,5000 - 9999,無
417,8839f64e-0883-4a2c-9353-851a034a69de,"九族, 九族文化村, 京都, 八卦山, 台中, 塗鴉秀, 大阪, 彰化, 新加坡, 明洞, 海雲台, 清境農場, 澎湖, 澳門, 環球影城, 美術館, 苗栗, 跨海大橋, 釜山, 釜山水族館, 雙心石滬, 雲林, 首爾","主題樂園, 其他, 夜間活動, 文化歷史, 海島旅遊, 火車旅遊, 美食, 自然景觀, 藝文體驗, 親子旅遊, 購物",15000 - 19999,"中秋, 雙十"
418,88aed6c5-7f78-4300-b94b-b3803b3589a8,"仙台, 美術館","海島旅遊, 美食, 藝文體驗, 親子旅遊",45000 - 49999,日本
419,8a387fcc-db2b-483c-81c4-080e04cbabbf,"大鵬灣, 金門","美食, 購物",5000 - 9999,無
420,8a73f5c6-535d-4b02-96c6-6987255e14ff,"台中, 台北, 宜蘭, 彰化, 新北, 桃園, 澎湖, 王功漁港, 苗栗","其他, 海島旅遊, 火車旅遊, 美食, 自然景觀, 藝文體驗, 豪華",0 - 4999,無
421,8afc6b20-038c-4d25-b994-568be298afac,"七星潭, 北海坑道, 北竿, 台中, 台北, 太平山, 媽祖巨神像, 宜蘭, 審計新村, 小琉球, 彰化, 新北, 新竹, 日月潭, 桃園, 梅花湖, 海洋公園, 澎湖, 綠島, 美食街, 花蓮, 苗栗, 金門, 雙心石滬, 高美, 高美濕地, 高雄, 鹿港","主題樂園, 其他, 夜間活動, 婚禮蜜月, 文化歷史, 海島旅遊, 溫泉之旅, 火車旅遊, 網美打卡, 美食, 自然景觀, 藝文體驗, 親子旅遊, 豪華",5000 - 9999,"一日遊, 台灣全部"
422,8b05afa6-5b19-455a-ae9e-fd0eb599c8e3,青森,雪景,65000 - 69999,青森滑雪
423,8b4da381-d01e-4aa7-9280-e1ec340f712e,花蓮,自然景觀,20000 - 24999,無
424,8b896e49-3954-4aac-ac68-24355977623c,"北投溫泉, 台中, 嘉義, 基隆, 情人湖, 新北, 花蓮, 西班牙, 觀音寺, 高雄, 鯉魚潭","文化歷史, 溫泉之旅, 美食, 自然景觀, 豪華, 購物",0 - 4999,無
425,8c355a58-3798-4260-95dc-107ef7459a08,"富士, 東京, 河口湖","溫泉之旅, 美食, 自然景觀",40000 - 44999,無
426,8c8b240f-6560-418c-b22f-364a1e021b37,"函館, 北海道, 夜景, 旭山動物園, 熊牧場","夜間活動, 溫泉之旅, 美食, 自然景觀, 親子旅遊",50000 - 54999,"北海道, 東京"
427,8cbeede6-f650-447b-81b7-584846e0e04b,"台北, 新加坡",其他,10000 - 14999,無
428,8cd21fd3-f957-4d44-8e99-51cad253d3f7,"台北, 國際通, 沖繩, 那霸",其他,0 - 4999,無
429,8d825f34-0e61-450b-8e1b-11e252a103fd,"台北, 新加坡",其他,10000 - 14999,"新加坡-SINGAPORE(SIN), 曼谷-BANGKOK(BKK)"
430,8dee2623-7f5c-46af-95b1-8731dce85475,"台北, 東京",其他,5000 - 9999,東京-TOKYO(TYO)
431,8ea174e5-0eeb-4276-9e52-9269a5c6d187,"明洞, 景福宮, 釜山, 首爾","火車旅遊, 自然景觀, 豪華, 購物",30000 - 34999,無
432,8ee6f200-de2b-446c-b7ae-6dee095491d0,城山日出峰,"自然景觀, 藝文體驗",20000 - 24999,無
433,8ef1725e-6ffb-4024-96f3-6897e9db0aeb,台中,自然景觀,0 - 4999,無
434,8f5d0c8f-3df9-449d-9754-f9755cd92f01,"台中, 台北, 新竹, 桃園, 花蓮","火車旅遊, 自然景觀",5000 - 9999,澳門
435,8f8dbe20-7057-4b4f-9b24-3413ed22907d,"匈牙利, 國王湖, 夜景, 奧捷, 巴塞隆納, 德瑞, 格拉納達, 羅曼蒂克大道, 美術館, 萊茵河, 西班牙, 風車村","夜間活動, 文化歷史, 火車旅遊, 自然景觀, 藝文體驗, 豪華, 購物",90000 - 94999,無
436,8fb9d5d2-d330-4abf-a47d-b552dfc506cf,台北,其他,5000 - 9999,曼谷-BANGKOK(BKK)
437,8fceda66-3a06-44a6-80d8-fee9fecb870c,"沖繩, 跨海大橋","文化歷史, 豪華",30000 - 34999,無
438,8fd51fa8-4fe3-42d9-b749-6e8748dfc156,"升旗山, 吉隆坡, 馬六甲, 高雄","主題樂園, 其他, 文化歷史, 美食, 自然景觀, 豪華",20000 - 24999,馬來西亞
439,9066870e-90c8-4887-9bb6-34f83fb370d8,歌劇院,"婚禮蜜月, 海島旅遊, 美食, 自然景觀, 藝文體驗, 親子旅遊, 豪華",40000 - 44999,"大洋洲全選, 關島"
440,9069ff03-51a1-4a9c-bc18-538d03984a6b,"富士, 峽灣","戶外活動, 海島旅遊, 火車旅遊, 自然景觀, 豪華",110000 - 114999,無
441,90bd69da-1598-4581-9037-9cc5558833fd,"台北, 首爾",其他,5000 - 9999,"首爾, 首爾-SEOUL(SEL)"
442,90d3c99e-6ee3-4482-8d51-c3172c9d2be4,"布魯日, 羊角村, 花蓮","其他, 美食",80000 - 84999,"紐西蘭, 西歐"
443,917def1d-4685-4489-ba8c-f2464b4bb100,台北,其他,0 - 4999,無
444,923d5850-1767-4234-aa8e-f15985142b59,"哈修塔特, 布達佩斯, 維也納","婚禮蜜月, 自然景觀",105000 - 109999,無
445,9248a39a-3195-4a9c-ac17-eaef06a7e4b4,"嘉義, 杉林溪, 阿里山, 高雄",自然景觀,0 - 4999,無
446,9268f100-87b7-466f-a379-66c338e09a26,"嘉義, 奮起湖, 阿里山, 高雄","其他, 文化歷史, 火車旅遊, 自然景觀, 豪華",20000 - 24999,無
447,9282887b-4766-4c34-9b80-93ac88d6646e,東京,主題樂園,20000 - 24999,無
448,92900d1b-cc17-44c3-9853-bdb03a1b6247,"大阪, 高雄","溫泉之旅, 美食, 自然景觀",45000 - 49999,白川鄉 點燈
449,9299ee76-45ba-436b-b37e-097e061e93a3,"沖繩, 石垣島, 釜山, 長崎","海島旅遊, 自然景觀",0 - 4999,"郵輪 sim, 酷遊卡"
450,92ee076b-e33c-4255-bce1-3c8751101b9b,"法國, 羅浮宮","自然景觀, 購物",75000 - 79999,無
451,937a27cb-06b6-4327-9c28-f8d0dff25f4f,"威尼斯, 尼斯, 米蘭, 羅馬, 義大, 義大利",婚禮蜜月,95000 - 99999,無
452,93b66041-1f13-41db-91e0-128f712b1dd1,嘉義,"自然景觀, 豪華",0 - 4999,無
453,94254074-f17a-413d-ae17-b65031964770,東京,其他,5000 - 9999,日本
454,95692c67-ec45-4a60-903f-6d8e661282fc,"東方明珠, 田子坊, 豫園, 釜山, 香港, 高雄","其他, 文化歷史, 自然景觀",0 - 4999,無
455,9577cb02-6942-4369-b951-016741339102,"上野公園, 東京",購物,15000 - 19999,無
456,95f7ebfd-fb99-40fd-b538-2211f0dd0973,"函館, 北海道, 夜景, 小樽, 旭山動物園","夜間活動, 婚禮蜜月, 溫泉之旅, 美食, 自然景觀, 親子旅遊",90000 - 94999,北海道
457,9624ed5a-47f0-4b33-b925-ede6d449cfa4,台中,其他,20000 - 24999,"上海-SHANGHAI(SHA), 台中出發, 吉隆坡-KualaLumpur(KUL), 名古屋-愛知縣-NAGOYA(NGO), 沖繩-OKINAWA(OKA), 胡志明市-HO CHI MINH(SGN)"
458,9641fc8b-a735-49a1-965f-6b99ad13664a,馬六甲,"文化歷史, 豪華",40000 - 44999,nishitetsu hotel Croom Bangkok silom
459,968968a5-7a5e-4c61-b62a-a2c977de8772,"台中, 奮起湖, 海雲台, 釜山, 阿里山","其他, 火車旅遊, 自然景觀, 豪華, 購物",25000 - 29999,釜山
460,96956fa4-0f3c-44f4-b659-5835917caa24,"安東河回村, 釜山","美食, 自然景觀, 購物",40000 - 44999,韓國全選
461,96a4d3a5-634e-4da5-9aef-ce2c38453389,"中尊寺, 台中, 台北, 大阪, 屏東, 心齋橋, 海洋公園, 環球影城, 臺北, 臺東, 花蓮, 香港, 黑門市場","主題樂園, 其他, 文化歷史, 海島旅遊, 火車旅遊, 豪華, 購物",0 - 4999,"日本東北, 東京-TOKYO(TYO)"
462,96c4daa5-9b24-43f6-84e9-e6245aef3455,歌劇院,"藝文體驗, 豪華",60000 - 64999,澳洲全選
463,97ad5ffe-4906-4605-92a0-7808e3c5387d,高雄,"溫泉之旅, 美食, 自然景觀",20000 - 24999,名古屋
464,988fb5d5-582c-4f3e-a009-cf0cbe6c1501,"中尊寺, 仙台, 函館, 北海道, 哈修塔特, 國王湖, 夜景, 天鵝堡, 奧捷, 威尼斯, 小樽, 少女峰, 尼斯, 山形, 庫倫洛夫, 德國, 德瑞, 慕尼黑, 旭山動物園, 東京, 瑞士, 米蘭, 維也納, 羅曼蒂克大道, 羅馬, 花卷溫泉, 萊茵河, 角館, 銀山, 銀山溫泉街, 馬特宏峰, 高雄","夜間活動, 婚禮蜜月, 文化歷史, 海島旅遊, 溫泉之旅, 火車旅遊, 美食, 自然景觀, 親子旅遊, 購物, 雪景",80000 - 84999,"北海道, 北陸名古屋, 東北"
465,998c0b96-f9e1-4874-adc3-f19012e7e9bc,"仙台, 富士, 富士五湖, 新宿, 新宿御苑, 明治神宮, 東京, 橫濱, 河口湖, 箱根, 美術館, 西湖, 角館, 銀山, 鎌倉, 青森, 高雄","主題樂園, 文化歷史, 海島旅遊, 溫泉之旅, 火車旅遊, 美食, 自然景觀, 藝文體驗, 豪華, 購物",50000 - 54999,無
466,998cd33d-1704-4380-9795-7ff26ce7844d,"沖繩, 那霸, 黑風洞","其他, 美食, 豪華",20000 - 24999,無
467,99a94652-805c-469c-b2dc-19d154d7c981,"山形, 銀山, 銀山溫泉街","海島旅遊, 溫泉之旅, 自然景觀",35000 - 39999,無
468,99ccf5e6-3042-4786-bdf5-672895b79977,日月潭,"溫泉之旅, 自然景觀",0 - 4999,無
469,9a253b8b-57fe-4ec8-a34b-15bc89859386,"倫敦, 劍橋, 大英博物館, 巨石陣, 巴斯, 歐洲, 牛津, 英國, 英法","文化歷史, 購物",75000 - 79999,英國
470,9a40a6c8-f9f3-45ac-849d-d1a64de9a3bd,"台北, 宜蘭, 礁溪溫泉, 陽明山, 高雄","溫泉之旅, 自然景觀",5000 - 9999,無
471,9ac34656-d5f0-400f-aa07-28b8b89c0453,"京都, 函館, 北海道, 台中, 夜景, 大阪, 小樽, 平等院, 環球影城, 釜山, 阿拉斯加, 高雄","主題樂園, 夜間活動, 海島旅遊, 溫泉之旅, 美食, 自然景觀, 親子旅遊, 豪華, 購物, 雪景",65000 - 69999,"北海道, 名古屋, 四國, 日本, 日本環球影城, 越南, 韓國"
472,9ace8dac-0a53-49bd-97f3-dff8a39fd975,"函館, 北海道, 小樽, 海洋公園","海島旅遊, 溫泉之旅, 美食, 自然景觀",25000 - 29999,無
473,9b2496d3-46dc-49d3-a1ef-f59108a27556,"中尊寺, 仙台, 伏見稻荷大社, 升旗山, 大阪, 大阪城, 宇治, 嵐山, 平等院, 攀牙灣, 東京, 淺草, 神戶, 神戶港, 藍廟, 觀音寺, 角館, 黑門市場","文化歷史, 海島旅遊, 溫泉之旅, 美食, 自然景觀, 藝文體驗, 豪華, 購物",25000 - 29999,無
474,9b42d954-730a-44d7-b7e8-5958d751d7e2,"六甲山, 大阪, 大阪城, 奈良, 海遊館, 環球影城, 神戶, 神戶動物王國, 金閣寺","主題樂園, 文化歷史, 自然景觀, 親子旅遊, 豪華, 雪景",50000 - 54999,日本環球影城
475,9cdbf4de-7a5a-4cc9-a7c2-5351422114d3,"佛國寺, 海雲台, 瞻星台, 釜山","文化歷史, 火車旅遊, 自然景觀, 購物",20000 - 24999,無
476,9ceccce1-ae57-4e72-b4ae-90e4bbf674a0,花蓮,其他,0 - 4999,無
477,9dd1cbf2-e28b-4245-a2f9-ed04c2c999f6,沖繩,豪華,0 - 4999,無
478,9dfaf36c-627b-4081-b36b-3980712c8d21,"合歡山, 屏東, 清境農場, 瑞士","其他, 自然景觀",0 - 4999,"TWS觀巴武陵, TWS觀巴清境, 特選Z桃少女火龍1日"
479,9f1d3688-0b47-4a74-966d-122ea9fa4cde,京都,"文化歷史, 自然景觀",45000 - 49999,無
480,9fb52f10-ec0a-46c1-a3a7-0dd211ee0e15,花蓮,其他,0 - 4999,無
481,9fdc88b2-f9f2-49a9-ab56-b6fb5dc2ca43,"台北, 東京",其他,5000 - 9999,東京-TOKYO(TYO)
482,a1643f56-e09e-4d02-a9ef-5579af098b28,"太平山, 宜蘭",自然景觀,0 - 4999,台灣全選
483,a1c4bf76-7957-45ed-aa17-bab996e44e2a,"東京, 箱根, 高雄","主題樂園, 文化歷史, 溫泉之旅, 美食, 自然景觀, 親子旅遊, 豪華, 購物, 雪景",45000 - 49999,無
484,a1e6e8da-811e-430f-a0cc-6547bd438364,"嘉義, 奮起湖, 美術館, 阿里山","火車旅遊, 自然景觀, 藝文體驗",0 - 4999,無
485,a26d3fee-1f17-4548-88bf-eded280cda6f,"台北, 嘉義, 新北, 陽明山, 高雄",自然景觀,0 - 4999,無
486,a2fa63b0-1d5c-4957-9476-db1ee77b5755,"富士, 河口湖",自然景觀,0 - 4999,河口湖
487,a3368583-ca9c-4135-bdf0-205032899764,"伊斯坦堡, 佛羅倫斯, 土耳其, 奧捷, 威尼斯, 尼斯, 布拉格, 米蘭, 維也納, 羅馬, 義大, 義大利","婚禮蜜月, 文化歷史, 海島旅遊, 溫泉之旅, 火車旅遊, 美食, 自然景觀, 藝文體驗, 豪華, 購物",90000 - 94999,歐洲全選
488,a354b7cc-9b4f-4312-bf6f-c9d5aa5e8a53,"愛丁堡, 英國, 華盛頓","網美打卡, 自然景觀",125000 - 129999,"加拿大全選, 紐約, 美東全選, 英國"
489,a3676c12-0aa4-44c3-a0d9-3ec92742d131,高雄,"溫泉之旅, 自然景觀",45000 - 49999,無
490,a36ee669-754c-40c1-a1d9-e8df9e36324c,"三仙台, 仙台, 新竹, 花蓮, 香港","其他, 火車旅遊, 自然景觀",25000 - 29999,"23TWTTTR90, 24TNCHUSUN, 大阪-OSAKA(OSA), 馬爾地夫"
491,a3b08a1e-26ca-47f6-adb3-6c206bf55e00,"仁寺洞, 弘大, 明洞, 東大門, 清溪川, 首爾","文化歷史, 購物",15000 - 19999,無
492,a4038d09-78cd-4dfd-a7d4-7c4294110ca0,"大阪, 高雄",其他,0 - 4999,大阪-OSAKA(OSA)
493,a45f7cc5-9832-4b6d-8976-c76f158ed85e,"北海道, 小樽, 小樽運河, 旭山動物園, 美瑛青池","溫泉之旅, 美食, 自然景觀, 親子旅遊",45000 - 49999,無
494,a4798e67-f77a-4b3a-962c-b5ef7c94e941,"北野, 宇治, 宇治川, 嵐山, 清水寺, 環球影城","主題樂園, 文化歷史, 美食, 自然景觀",35000 - 39999,無
495,a4cc3e9b-ef49-4179-9d51-fb84b514133e,富士,"海島旅遊, 火車旅遊, 自然景觀, 豪華",105000 - 109999,紐西蘭
496,a4f1664e-38c5-4b3e-8084-105fb66b941a,"富士, 東京, 河口湖","主題樂園, 其他, 海島旅遊, 自然景觀",0 - 4999,利木津巴士
497,a4f22ada-9d8a-4930-81be-732e7582143c,"山形, 東京, 銀山, 高雄","海島旅遊, 溫泉之旅, 自然景觀",45000 - 49999,無
498,a57fe84c-8455-4b01-b120-7f1acbd7e233,"函館, 北海道, 夜景, 小樽","夜間活動, 婚禮蜜月, 溫泉之旅, 美食, 自然景觀",20000 - 24999,無
499,a647a3d7-ecef-486b-ada0-a27cf93dac9e,"北海道, 小樽, 美瑛青池","溫泉之旅, 美食, 自然景觀",35000 - 39999,無
500,a6528487-a4b5-4c93-86b3-b3842579d0ca,環球影城,"主題樂園, 美食",120000 - 124999,無
501,a66d8c8d-475a-4ea4-a2ba-852c46402886,"台北, 札幌",其他,20000 - 24999,札幌-北海道-SAPPORO(SPK)
502,a7273af9-1826-427f-80b2-ede3a411ddaa,"埃及, 尼羅河, 金字塔, 阿布辛貝",文化歷史,75000 - 79999,"印尼全選, 東北亞全選, 東南亞全選, 清邁, 港澳珠圳全選, 菲高棉越南全選"
503,a73fb3f6-f5d4-4a27-b6ba-ffe663058064,"北港朝天宮, 台中, 嘉義, 德國, 阿里山","其他, 自然景觀",35000 - 39999,無
504,a7751358-a995-483a-a6c1-c401950b1034,日月潭,"主題樂園, 文化歷史, 自然景觀",0 - 4999,無
505,a7bebfb9-de87-4c5b-ab52-cc2107fa371a,"台北, 大阪",其他,15000 - 19999,無
506,a7eb185f-1007-46ea-8791-aca34339629b,"上野公園, 富士, 新宿, 明治神宮, 東京, 橫濱, 淺草, 淺草寺, 箱根, 箱根海盜船, 箱根神社, 鎌倉","主題樂園, 文化歷史, 溫泉之旅, 火車旅遊, 美食, 自然景觀, 購物, 雪景",35000 - 39999,無
507,a84c7cc0-8dce-4a44-83bd-3cffba5ceef0,"台北, 東京",其他,10000 - 14999,東京成田機場(NRT)
508,a8861200-7003-433e-8552-25f067c3b452,"國王湖, 奧捷, 峽灣, 挪威, 維也納","文化歷史, 火車旅遊, 自然景觀, 藝文體驗, 豪華",140000 - 144999,無
509,a8d557a3-d47a-4034-beae-d0aea3d6d745,"京都, 大阪, 心齋橋","其他, 網美打卡",0 - 4999,"京都, 大阪"
510,a9a01af5-d2be-443e-8f94-c0eb6a84465f,"函館, 北海道, 夜景, 富士, 小樽, 新宿, 東京, 江之島, 海洋公園, 箱根","夜間活動, 文化歷史, 海島旅遊, 溫泉之旅, 火車旅遊, 美食, 自然景觀, 豪華, 雪景",40000 - 44999,無
511,aa3124a2-515f-4e38-916b-a84a3cde70c3,"冰島, 冰洞, 少女峰, 巴黎, 歐洲, 瑞士, 米蘭, 馬特宏峰","婚禮蜜月, 文化歷史, 海島旅遊, 火車旅遊, 自然景觀, 雪景",145000 - 149999,無
512,aa43e751-285e-4e64-a5e7-4b0134ddfc9a,牛島,"海島旅遊, 火車旅遊, 購物",20000 - 24999,無
513,aa65871a-ebb6-41fc-ad60-a07d78d7b0df,"台北, 烏來, 雲林, 高雄","自然景觀, 藝文體驗",0 - 4999,無
514,aa6b74b5-84ed-4a21-912a-e838a90f50e8,"九份, 台中, 台北, 合歡山, 嘉義, 新北, 日月潭, 清境農場, 阿里山, 高雄","其他, 夜間活動, 文化歷史, 海島旅遊, 自然景觀",5000 - 9999,無
515,ab12fe27-488f-46ce-b722-8dc6b6c3520b,"六甲山, 北海道, 小樽, 小樽運河, 新潟, 環球影城, 神戶, 群馬, 青森","主題樂園, 文化歷史, 海島旅遊, 自然景觀, 雪景",55000 - 59999,日本 滑雪
516,ab9c2c4b-16aa-416b-881a-5d2824f8a1cb,"伏見稻荷大社, 台中, 大阪, 大阪城, 奈良, 宇治, 平等院, 海雲台, 清水寺, 釜山, 香港","其他, 文化歷史, 火車旅遊, 自然景觀, 藝文體驗, 購物",20000 - 24999,"日本全選, 港澳珠圳全選, 韓國全選"
517,abe4ee72-1e9f-4b4d-af8f-d0fb58e5fb9b,沖繩,其他,0 - 4999,無
518,ac1e8ab4-2db0-47c2-ad4e-7e40db404236,"伏見稻荷大社, 台中, 大阪, 大阪城, 天空公園, 奈良, 宇治, 平等院, 弘大, 明洞, 景福宮, 海雲台, 清水寺, 釜山, 首爾","主題樂園, 婚禮蜜月, 文化歷史, 海島旅遊, 火車旅遊, 美食, 自然景觀, 購物",25000 - 29999,無
519,ac28cdf9-cd6c-4f36-8956-2261c75cfcd7,高雄,"海島旅遊, 自然景觀, 購物",35000 - 39999,無
520,ac83b963-0313-410b-a581-ca25b3989c20,"巴黎, 布魯日, 羅浮宮, 羊角村, 風車村, 高雄","海島旅遊, 親子旅遊, 豪華, 購物",40000 - 44999,越南
521,acd28b61-0a9f-4eee-a1db-15f987e458d6,"合歡山, 清境農場, 瑞士","其他, 自然景觀",0 - 4999,桃園
522,ad017744-6c1d-46d4-8ccb-183d1291616d,義大,其他,0 - 4999,國內旅遊
523,ad1a68bf-88a4-48f3-922a-4fd4b19b5770,"中尊寺, 仙台, 十和田湖, 東京, 角館, 金門, 銀山, 青森","主題樂園, 文化歷史, 海島旅遊, 溫泉之旅, 自然景觀, 豪華",35000 - 39999,"台東, 合掌村, 日本東北, 金門(含廈門)"
524,ad2f217f-505c-4742-85af-292a493a9055,"洛杉磯, 環球影城, 舊金山","主題樂園, 自然景觀",75000 - 79999,無
525,ad4da8b2-d503-43e5-baf7-6e1fa8df0e58,高雄,其他,10000 - 14999,無
526,adbe3152-8a40-42d6-8ee1-86fa5f0902a3,"威尼斯, 尼斯, 沖繩, 高雄","主題樂園, 其他, 文化歷史, 海島旅遊, 自然景觀, 親子旅遊, 豪華",25000 - 29999,泰國
527,addabb4b-afe2-435a-b572-09308862200f,平等院,"溫泉之旅, 自然景觀",45000 - 49999,無
528,ae4c3069-a486-47be-8630-687d4cab0b77,印度,"美食, 豪華, 購物",30000 - 34999,蜆港
529,af004c31-ee8f-45b6-aee1-8e4f9709f7eb,"伏見稻荷大社, 北野, 北野異人館, 大阪, 大阪城, 奈良, 宇治, 宇治川, 嵐山, 平等院, 有馬溫泉, 東大寺, 清水寺, 環球影城, 神戶, 金閣寺, 高雄, 黑門市場","主題樂園, 文化歷史, 溫泉之旅, 自然景觀, 藝文體驗, 親子旅遊, 購物",35000 - 39999,無
530,af49154c-d81c-4693-9f00-2ed5d22288f4,"埃及, 尼羅河, 紅海, 金字塔, 阿布辛貝","其他, 文化歷史, 美食, 自然景觀, 豪華",95000 - 99999,無
531,af5d1eb4-cfbc-4c49-a572-45d0527af2bc,羅馬,自然景觀,135000 - 139999,無
532,af6389b5-ec18-4ba7-a0fc-e65b99ef8978,台北,其他,5000 - 9999,上海-SHANGHAI(SHA)
533,af9ee515-e364-456c-ae42-733cf6e402de,"威尼斯, 尼斯, 米蘭, 羅馬, 義大, 義大利","其他, 夜間活動, 文化歷史, 海島旅遊, 自然景觀",80000 - 84999,無
534,afe5bd87-afdc-4904-afc4-c8897c50a08a,"天鵝堡, 德國, 慕尼黑, 羅曼蒂克大道",其他,55000 - 59999,"歐洲, 歐洲全部"
535,b08d20c6-74a2-47e6-ada7-3a64e37e3508,"台中, 夜景, 明洞, 景福宮, 東大門, 首爾, 高雄","夜間活動, 海島旅遊, 自然景觀, 購物",15000 - 19999,無
536,b09311d8-625a-4ecf-b72a-d49f735e2179,九重夢大吊橋,"溫泉之旅, 自然景觀, 豪華",30000 - 34999,無
537,b0cec938-f338-4cac-8036-03540c1abde4,"山形, 東京, 銀山, 銀山溫泉街, 高雄","海島旅遊, 溫泉之旅, 自然景觀, 雪景",40000 - 44999,無
538,b0f669dc-2976-42f3-bb18-f3c77e4b8eea,"福岡, 福岡塔",其他,0 - 4999,無
539,b18b2094-4801-4e22-b62f-82ff433902f0,"東京, 高雄",其他,10000 - 14999,東京-TOKYO(TYO)
540,b1a31f9a-d0e1-4c1c-9368-4de63aecade8,"函館, 北海道, 圓山動物園, 小樽, 旭山動物園, 高雄","婚禮蜜月, 溫泉之旅, 美食, 自然景觀, 親子旅遊, 雪景",50000 - 54999,"北海道, 高雄直飛"
541,b1c1ffe7-f58a-4821-a276-495debebc745,銀山,"文化歷史, 溫泉之旅, 自然景觀",30000 - 34999,無
542,b1d0a041-80b4-4899-8b5d-618e23e14c1f,釜山,"自然景觀, 購物",20000 - 24999,無
543,b1e24bd7-6b4b-4a4c-9c04-c3443b25be84,"明洞, 首爾, 高雄","主題樂園, 自然景觀, 豪華, 購物, 雪景",30000 - 34999,無
544,b252c748-7e04-4979-8cb5-50e6ac8b1ac7,"台北, 嘉義, 日月潭, 阿里山","海島旅遊, 美食, 自然景觀",15000 - 19999,日月潭阿里山
545,b2dfbd17-7df4-4a7c-9765-ea524de3e21f,"六甲山, 函館, 北海道, 夜景, 小樽, 日月潭, 旭山動物園, 海洋公園, 環球影城, 苗栗","主題樂園, 其他, 夜間活動, 海島旅遊, 溫泉之旅, 美食, 自然景觀, 藝文體驗, 親子旅遊, 雪景",40000 - 44999,無
546,b3b20e7e-7be0-43be-a809-b0dd487b9ddb,"桃園, 香港","其他, 海島旅遊",5000 - 9999,網卡
547,b3f25214-d4c6-4ee5-acce-3039f2b3d495,"京都, 大阪",其他,無資料,無
548,b42ab065-0e1e-4788-9054-0ea28275a369,"大阪, 奈良, 東大寺, 清水寺, 環球影城, 高雄","主題樂園, 文化歷史",35000 - 39999,天橋立
549,b4640544-83ae-4a24-9834-4eac12340e6a,"大英博物館, 巴黎, 比利時, 羅浮宮, 英荷比法","文化歷史, 購物",90000 - 94999,無
550,b4ae5579-6708-476d-928f-bd6ca015544e,"函館, 北海道, 夜景, 小樽, 熊牧場","夜間活動, 溫泉之旅, 美食, 自然景觀, 雪景",55000 - 59999,無
551,b4cd110d-03fe-47c7-a9e3-e97213bf0e80,"函館, 北海道, 哈修塔特, 國王湖, 奧捷, 小樽, 小樽音樂盒堂, 布達佩斯, 庫倫洛夫, 旭山動物園, 熊牧場, 維也納","婚禮蜜月, 溫泉之旅, 美食, 自然景觀, 親子旅遊",60000 - 64999,無
552,b63faab7-396c-4151-8ecd-cc23383c26d6,"沖繩, 美麗海水族館, 高雄","海島旅遊, 親子旅遊, 購物",25000 - 29999,無
553,b685a258-df08-4f68-ad10-e71436839c9e,"埃及, 紅海, 金字塔",豪華,55000 - 59999,無
554,b6b58da7-6c3d-455c-a531-3b360279c054,"富士, 沖繩, 那霸","海島旅遊, 火車旅遊, 自然景觀, 豪華",120000 - 124999,無
555,b7223405-4afb-4c3e-9e6f-a3af0b37fa25,金門,海島旅遊,5000 - 9999,無
556,b79825cc-1820-4964-9a06-ffafba917bae,黑風洞,"美食, 豪華",20000 - 24999,無
557,b80a47e0-79ab-405b-9653-7aecaf4ad973,"倫敦, 台北, 大英博物館, 巴斯, 巴黎, 布魯日, 比利時, 羅浮宮, 羊角村, 英荷比法, 荷蘭, 阿姆斯特丹","其他, 文化歷史, 藝文體驗, 購物",30000 - 34999,"倫敦, 倫敦-LONDON(LON), 比利時"
558,b86bfe81-b8e3-41cf-9597-461546123053,"台中, 審計新村, 扇形車庫, 義大, 高雄","文化歷史, 火車旅遊, 親子旅遊",0 - 4999,"24KHHCYI24, 24KHHCYI35, 24KHHCYI37, 24KHHCYI41, 24KHHCYI42, 24KHHCYI46, 中部, 南部, 台灣全選"
559,b8d0e228-3dcb-43a9-8cf8-2d9db7acea69,"富士, 明治神宮, 東京, 沖繩, 淺草, 淺草寺, 箱根, 草津溫泉, 西湖, 雷門","主題樂園, 其他, 文化歷史, 溫泉之旅, 美食, 自然景觀, 購物, 雪景",30000 - 34999,"東京, 沖繩"
560,b9b077c4-d5dc-4a62-a5f8-78d4bbcbdff3,"台北, 東京",其他,25000 - 29999,東京-TOKYO(TYO)
561,b9f0ab9b-c36a-44e2-bf01-a04a29c84dad,"台中, 威尼斯, 尼斯",網美打卡,25000 - 29999,下龍灣
562,ba7cb5e6-e250-48b0-97b8-ec50de0a6b1b,"東京, 香港","其他, 海島旅遊",無資料,無
563,bad70fcd-155f-47b1-8e63-d3631dc82266,"北野, 宇治, 宇治川, 嵐山, 有馬溫泉, 清水寺, 環球影城","主題樂園, 文化歷史, 溫泉之旅, 美食, 自然景觀",35000 - 39999,無
564,bb6ba607-e845-4ee0-adb6-c94f3d851bd7,台北,其他,0 - 4999,達佛-DAVAO(DVO)
565,bbb9496d-4c5d-44c4-ab3d-e1a4e4a6efe0,仙台,其他,10000 - 14999,無
566,bbed75e5-32c6-4540-ad7f-11b11a28f11b,花蓮,其他,0 - 4999,無
567,bc0f0664-9cd0-4f91-a276-c99f1ce52e9f,"台北, 白宮",其他,5000 - 9999,無
568,bdbb9c46-9f48-4712-b27e-4d8640f9db1c,"台北, 東京",其他,10000 - 14999,無
569,bea2617b-f812-4ba0-bfb0-e9af6263956a,"嘉義, 奮起湖, 阿里山","主題樂園, 自然景觀",5000 - 9999,無
570,bec744de-0372-457e-accb-b0bec65d8890,香港,其他,0 - 4999,無
571,bffd2c02-9995-4bd9-916a-15b361d3d70f,"台北, 札幌",其他,10000 - 14999,札幌-北海道
572,c04c9c6f-bfd8-4527-b1fc-0498fe3e3888,"台中, 海洋公園, 火山","主題樂園, 文化歷史, 海島旅遊, 美食, 自然景觀, 親子旅遊, 豪華, 購物",30000 - 34999,"上海, 印尼, 吳哥窟, 大陸, 菲律賓, 菲律賓長灘島, 菲律賓高雄出發, 越南, 越南高雄出發, 香港"
573,c0e38ce4-8a06-4bb7-8d89-86cda999b5c4,"台北, 宜蘭, 新北, 新竹, 桃園, 淡水","其他, 自然景觀, 豪華",5000 - 9999,"台北, 宜蘭, 新北, 新竹, 桃園"
574,c0eeaacf-10ce-4070-b2ee-f011b10a2548,"台北, 大阪, 東京",其他,10000 - 14999,"大阪-OSAKA(OSA), 東京-TOKYO(TYO)"
575,c186260e-a63b-4a38-b30a-50435c6028eb,土耳其,文化歷史,80000 - 84999,無
576,c19ad575-3ca6-4004-9a00-d7aa5edddb92,"嘉義, 奮起湖, 屏東, 阿里山, 高雄","其他, 自然景觀",0 - 4999,台灣
577,c1fa7d77-f15d-4c4c-9b5b-3bca7296bbee,東京,其他,無資料,東京
578,c28644ec-b284-4ea6-8a63-19367a22d819,"北海道, 天狗山, 小樽, 旭川, 札幌","其他, 自然景觀, 豪華",無資料,"大阪, 札幌-北海道, 沖繩"
579,c3458870-d509-4578-a963-d65e9edaaadd,"卡帕多奇亞, 印度, 土耳其","戶外活動, 文化歷史, 美食, 豪華, 購物",50000 - 54999,無
580,c3b53123-3ec1-4ead-817c-086ae963af5f,阿里山,"婚禮蜜月, 自然景觀",30000 - 34999,無
581,c3bedf77-10b9-48e5-8359-4262a3cd8360,"函館, 北海道, 台北, 夜景, 小樽, 札幌, 熊牧場","其他, 夜間活動, 溫泉之旅, 美食, 自然景觀",15000 - 19999,"仙台市-宮城縣-SENDAISHI(SDJ), 曼谷-BANGKOK(BKK), 札幌-北海道-SAPPORO(SPK), 釜山-PUSAN(PUS)"
582,c3d4e97c-7428-4817-b4bd-d6abc41bac36,"匈牙利, 哈修塔特, 多瑙河, 奧捷, 威尼斯, 尼斯, 布拉格, 布達佩斯, 法國, 維也納, 羅浮宮, 羅馬","婚禮蜜月, 文化歷史, 自然景觀, 購物",85000 - 89999,"克羅埃西亞, 捷克, 東歐多國"
583,c3ea8228-689f-4cee-b8b1-f0be8950ba11,宜蘭,豪華,0 - 4999,無
584,c44c776a-7038-4b11-9f64-1fffb899d3c7,"富士, 東京, 河口湖, 淺草, 淺草寺, 高雄","文化歷史, 溫泉之旅, 美食, 自然景觀",35000 - 39999,無
585,c46104a2-a435-44c0-ab0c-9f126ccb52a4,"夜景, 明洞, 景福宮, 東大門, 首爾, 高雄","夜間活動, 海島旅遊, 自然景觀, 購物",20000 - 24999,無
586,c4deb832-109f-4253-96ad-a7cb1e586257,"函館, 北海道, 夜景","夜間活動, 溫泉之旅, 火車旅遊, 美食, 自然景觀",50000 - 54999,無
587,c55b3bee-cd2c-4564-b933-a6b24236de31,"嘉義, 奮起湖","自然景觀, 藝文體驗, 豪華",5000 - 9999,無
588,c64587f5-c9e5-4a0a-83b5-e819de56dae4,"北海道, 北海道神宮, 小樽","溫泉之旅, 自然景觀, 豪華",25000 - 29999,無
589,c691f7b3-7a03-4199-b98d-702e43bbe946,"松島海水浴場, 海水浴場, 釜山","海島旅遊, 自然景觀",無資料,釜山
590,c6985262-8c8a-4457-a102-9a5b9b0103bb,"吉隆坡, 新加坡, 馬六甲",其他,60000 - 64999,無
591,c6d3e9a0-af5d-4d87-bb27-3d673b5eedb7,"台北, 沖繩",其他,10000 - 14999,沖繩-OKINAWA(OKA)
592,c707ae45-c8ae-4189-9403-d312f6c939a4,"廣安大橋, 釜山","自然景觀, 購物, 雪景",25000 - 29999,無
593,c7a144eb-f27d-4f47-97c2-917f0aad3aa9,"函館, 北海道, 夜景, 小樽","夜間活動, 婚禮蜜月, 溫泉之旅, 美食, 自然景觀",20000 - 24999,無
594,c920ed01-dfda-4067-88bf-5325900dc5d1,"台北, 大阪",其他,20000 - 24999,"大阪-OSA, 大阪-OSAKA(OSA)"
595,cb601440-f6c9-41ea-8e31-17773c0e4d0f,"京都, 仙台, 函館, 北海道, 千秋公園, 大阪, 奈良, 小樽, 熊牧場, 神戶, 美瑛青池, 銀山, 銀山溫泉街","其他, 溫泉之旅, 火車旅遊, 美食, 自然景觀, 親子旅遊",35000 - 39999,無
596,cb6b2cfb-1859-4116-a3af-992a92ad6700,"函館, 北海道, 升旗山, 夜景, 小樽, 熊牧場","夜間活動, 婚禮蜜月, 溫泉之旅, 美食, 自然景觀, 購物",25000 - 29999,無
597,cb88940d-01a8-4538-b2c9-99eb9efbcd87,"台北, 維也納",其他,35000 - 39999,維也納機場(VIE)
598,cb94f6e1-7cf4-46d1-a08e-2ddf2a4468ca,"屏東, 臺東",火車旅遊,0 - 4999,無
599,cc975c30-d4cc-441e-895f-df7fe4210db4,"城山日出峰, 海洋公園, 海雲台, 漢拏樹木園, 牛島, 跨海大橋, 釜山","夜間活動, 文化歷史, 海島旅遊, 火車旅遊, 自然景觀, 藝文體驗, 豪華, 購物",15000 - 19999,"濟州島, 釜山慶州"
600,ccc45f3a-dd45-4d80-b89f-ffe63f72486e,"富士, 東京, 箱根","主題樂園, 文化歷史, 溫泉之旅, 美食, 自然景觀",35000 - 39999,東京迪士尼.晴空塔.箱根.海盜船.忍野八海.螃蟹溫泉美食.富士美景五日
601,cd171f5d-ba05-4c32-9828-a7b36a26a98e,"基隆, 沖繩, 石垣島",海島旅遊,30000 - 34999,無
602,cd1cd580-e29e-412e-a9e4-7f3f83cd9d19,日月潭,"溫泉之旅, 自然景觀",5000 - 9999,"台灣, 日月潭, 魚池鄉"
603,cd54bd53-3dbc-4ba4-ac08-129edae87564,高雄,其他,無資料,"高鐵假期, 高雄"
604,cda22461-915a-4882-9d7e-90115972e05d,"函館, 北海道, 夜景","夜間活動, 溫泉之旅, 火車旅遊, 美食, 自然景觀",35000 - 39999,無
605,cdce27ca-60cc-45a1-b51e-f1d54603277c,"景福宮, 西面, 釜山, 首爾, 高雄","主題樂園, 火車旅遊, 自然景觀, 購物",15000 - 19999,韓國全選
606,cddaedf3-1560-40c3-a094-1c1393589362,"印度, 德里, 捷普, 泰姬瑪哈, 瑜珈, 阿格拉","其他, 文化歷史, 豪華",40000 - 44999,"印度, 暑假大阪旅遊｜京阪神三都.四季空中花卉~神戶布引香草園.藝術美學átoa水族館.環球影城瑪利歐, 暑假大阪旅遊｜京阪神三都.四季空中花卉~神戶布引香草園.藝術美學átoa水族館.環球影城瑪利歐.和牛龍蝦五日"
607,ce9128f8-f72e-416f-9f39-dda4f2bdb3ee,"奈良, 嵐山, 清水寺, 金閣寺","文化歷史, 自然景觀",30000 - 34999,無
608,cebb07c3-fcb4-49f3-8427-b84d12b0e301,"京都, 美術館","文化歷史, 海島旅遊, 藝文體驗",45000 - 49999,嚴島神社
609,cee7f89b-0d56-430d-a173-3753f696d620,"威尼斯, 尼斯, 策馬特, 羅浮宮, 羅馬, 馬特宏峰","自然景觀, 豪華",160000 - 164999,無
610,cf3a4a9e-69be-4bc1-bf9d-080d610bd061,"哈修塔特, 布達佩斯, 維也納","婚禮蜜月, 自然景觀",95000 - 99999,無
611,cf6bff37-02d2-4332-96e4-6acf2d2a739a,群馬,雪景,55000 - 59999,無
612,cf9a937b-cba8-4f46-87b4-2cd8a5704284,"奈良, 海遊館, 清水寺, 環球影城, 金閣寺","主題樂園, 文化歷史, 自然景觀, 豪華",30000 - 34999,無
613,cffc537a-c0ff-48a3-b315-4dfb956f99bd,"吉隆坡, 新加坡, 馬六甲, 黑風洞","其他, 文化歷史, 美食, 豪華",25000 - 29999,吉隆坡
614,d06c42de-7162-4fa8-802d-0d338ec602b8,東京,其他,0 - 4999,無
615,d093f86b-1d0c-445c-9168-31e10d364749,芬蘭,"火車旅遊, 自然景觀, 雪景",175000 - 179999,無
616,d0bb0032-2891-4176-9d6c-d788f0864f5b,"基隆, 那霸","其他, 海島旅遊",10000 - 14999,無
617,d14beeff-60d0-485a-819d-d51f804ca55b,"沖繩, 跨海大橋","文化歷史, 豪華",25000 - 29999,無
618,d1c3d14c-72da-434f-979a-39f3ba8a3b88,歌劇院,"婚禮蜜月, 海島旅遊, 美食, 自然景觀, 藝文體驗, 親子旅遊, 豪華",65000 - 69999,雪梨
619,d36b2491-9019-4d93-8a3e-bbc6132ec166,"九重夢大吊橋, 升旗山, 熊本, 熊本城, 釜山","溫泉之旅, 火車旅遊, 美食, 自然景觀, 豪華, 購物",30000 - 34999,無
620,d3ddf1ff-a075-4022-9a03-cda0c3d34289,澳門,其他,0 - 4999,澳門
621,d418b593-5693-436e-96fd-4c2d16127910,阿里山,自然景觀,10000 - 14999,無
622,d521f9eb-451e-46fe-99d1-b052cb96a47b,"花蓮, 西班牙, 高雄","文化歷史, 火車旅遊, 美食, 自然景觀, 豪華",0 - 4999,無
623,d53d692d-c3a4-4485-ad5f-51c06f395161,"北海道, 小樽, 旭山動物園, 美瑛青池","溫泉之旅, 美食, 自然景觀, 親子旅遊, 雪景",50000 - 54999,無
624,d5562633-2a48-432b-9717-657ce3966252,東京,其他,0 - 4999,無
625,d63a0b4a-a394-4d0c-aef8-7090a486707a,"屏東, 高雄",其他,0 - 4999,無
626,d65624b6-a319-4d43-9946-421eeda4afb8,"函館, 北海道, 夜景, 熊牧場","夜間活動, 溫泉之旅, 美食, 自然景觀",55000 - 59999,無
627,d7d40f70-3e78-40d8-8bc9-5ad5bf0c107c,"台北, 大阪",其他,10000 - 14999,"仁川-INCHEON(ICN), 大阪-OSAKA(OSA), 東京-TOKYO(TYO)"
628,d7e0f0bb-2bb5-44d4-a4c8-8d3cd3361d1d,"九份, 台中, 台北, 合歡山, 大阪, 大鵬灣, 宜蘭, 屏東, 新北, 日月潭, 杉林溪, 清境農場, 美食街, 花蓮, 西門町, 觀景台, 高雄","主題樂園, 其他, 婚禮蜜月, 溫泉之旅, 火車旅遊, 美食, 自然景觀, 豪華, 購物",0 - 4999,無
629,d7ed2245-592c-4aee-84ad-995173ef73c1,"內灣, 內灣老街, 太平山, 宜蘭, 新竹, 苗栗","其他, 火車旅遊, 自然景觀, 購物",0 - 4999,無
630,d8a436b0-f945-491d-97d1-d6f5949722e1,土耳其,文化歷史,60000 - 64999,無
631,d94f4f3c-b7d4-4774-98f3-cf50c547dd8f,"六甲山, 神戶, 神戶港, 高雄","其他, 自然景觀",35000 - 39999,日本
632,d9f0186d-7e03-4fb5-a644-74a5a97dbc4d,"凡爾賽, 國家博物館, 歐洲, 羅浮宮, 荷蘭","婚禮蜜月, 文化歷史",110000 - 114999,無
633,dae4a4d5-294a-413d-bce1-7978b8a5e6b0,"台北, 香港","其他, 海島旅遊",0 - 4999,無
634,db5ed8a3-7571-498c-a9ea-5fff0adff3dd,"台北, 釜山, 香港","其他, 自然景觀",5000 - 9999,"大邱-DAEGU(TAE), 清州市-忠清北道-CHEONGJU SHI(CJJ), 濟州島-CHEJU(JEJU)(CJU), 釜山-PUSAN(PUS), 首爾-SEOUL(SEL)"
635,db8eec1d-b716-4fa7-823c-673563d4051b,"大阪, 富士, 高雄",其他,20000 - 24999,大阪
636,db95409b-a13c-4b88-bffb-16837f3869ef,台中,"海島旅遊, 自然景觀, 豪華, 購物",25000 - 29999,無
637,dc6a5b4e-4b2d-4a07-8b00-d8a65d010b3b,花蓮,其他,0 - 4999,花蓮美侖大飯店
638,dc715c56-4a0e-41e7-bc8d-76c99ed8353c,"哈修塔特, 奧捷, 布拉格",文化歷史,70000 - 74999,無
639,dca1e7dc-9e24-49a8-a361-ec2d663af030,東京,其他,0 - 4999,無
640,dcef9225-9112-4b7f-bb0c-42fefe47a211,"函館, 北海道, 小樽, 熊牧場","溫泉之旅, 美食, 自然景觀",35000 - 39999,北海道
641,dd2c0adb-f96d-4d64-aa91-ecfa0fd19b09,"大阪, 奈良, 嵐山, 有馬溫泉, 東大寺, 清水寺, 環球影城, 金閣寺","主題樂園, 文化歷史, 溫泉之旅, 自然景觀",35000 - 39999,無
642,dd4a5f48-5ad2-4dc5-b22d-ad428ead9b76,新潟,雪景,20000 - 24999,東北
643,dd5d56c1-1856-4491-b9cd-21c974f76269,"博斯普魯斯, 土耳其, 埃及, 尼羅河, 紅海, 金字塔, 阿布辛貝","文化歷史, 豪華",75000 - 79999,土耳其
644,dd862d1b-9eba-47cb-9513-4bfee6f1ae3d,"台北, 大阪",其他,10000 - 14999,"台北-Taipei(TPE), 大阪-OSAKA(OSA), 岡山機場(OKJ)"
645,ddf8c22f-b49c-4d03-b7e4-4a7cb4b2e0a4,"明洞, 東京, 沖繩, 首爾, 高雄","主題樂園, 溫泉之旅, 美食, 自然景觀, 親子旅遊, 購物, 雪景",40000 - 44999,"春節, 春節三日, 春節五日, 春節四日"
646,de1c94e9-1677-499e-9da9-9dbccac657ed,"富士, 東京, 橫濱, 江之島, 鎌倉","主題樂園, 婚禮蜜月, 海島旅遊, 火車旅遊, 自然景觀",30000 - 34999,無
647,dea2fbdb-dbba-43b0-b63a-23ca21931dd8,"北海道, 小樽","文化歷史, 溫泉之旅, 美食, 自然景觀, 豪華",35000 - 39999,無
648,e0478129-c7ba-40ee-8a46-9182748dc48b,"沖繩, 美麗海水族館, 高雄","其他, 親子旅遊",15000 - 19999,沖繩
649,e0544ebf-4d4f-4c2f-a020-95201356be4d,"塗鴉秀, 沖繩, 首爾, 高雄","海島旅遊, 美食, 購物",20000 - 24999,限時
650,e06d4e7c-7a40-4711-8b51-fe45492732cc,"拉斯維加斯, 洛杉磯, 舊金山",自然景觀,60000 - 64999,無
651,e07a173e-0d32-4db2-8129-38484d983dba,"義大, 義大利, 高雄","文化歷史, 火車旅遊, 購物",90000 - 94999,無
652,e0908665-22f3-4d0d-a421-804d8e2cb786,花蓮,"其他, 火車旅遊",0 - 4999,無
653,e0a90d1e-6a7c-4d21-bd03-9902f6946a0d,"台中, 台北, 香港","其他, 海島旅遊",10000 - 14999,無
654,e12b11b0-73f3-4068-971d-f530ffbc8293,"倫敦, 劍橋, 大英博物館, 威尼斯, 尼斯, 巴黎, 比利時, 牛津, 米蘭, 羅浮宮, 羅馬, 義大, 義大利, 英國, 英荷比法","夜間活動, 文化歷史, 海島旅遊, 自然景觀, 購物",60000 - 64999,"沖繩, 泰國, 韓國"
655,e171b46b-16e0-43c7-95a3-c0e82df80181,"函館, 北海道, 大阪, 心齋橋",其他,20000 - 24999,無
656,e18321f5-0ef0-4c4d-bfab-c18e4fd68b15,"東京, 橫濱","美食, 豪華",65000 - 69999,東京
657,e185aeb9-e85b-468b-9f5b-f4f1f50a1134,"凡爾賽, 國家博物館, 土耳其, 大英博物館, 巴黎, 歐洲, 比利時, 羅浮宮, 英荷比法, 荷蘭","婚禮蜜月, 文化歷史, 美食, 購物",90000 - 94999,"亞非全選, 歐洲全選"
658,e2fae455-774f-4293-be91-8657cc1d6201,高雄,"其他, 火車旅遊, 自然景觀, 藝文體驗",0 - 4999,無
659,e3453a6b-26dd-4970-9830-562aa4528044,"天鵝堡, 德瑞, 法國, 羅曼蒂克大道, 羅浮宮","文化歷史, 自然景觀, 購物",65000 - 69999,無
660,e42d278d-324d-4233-8ecc-6b1b29616ba3,"哈修塔特, 奧捷, 布拉格, 維也納",文化歷史,65000 - 69999,無
661,e43df7b6-c1db-4c88-bdd4-7ea8838c3583,大鵬灣,美食,0 - 4999,無
662,e443d8a4-31b1-4767-b365-38bb4f4838af,"嘉義, 阿里山","文化歷史, 火車旅遊, 自然景觀",10000 - 14999,宜花旅遊
663,e4ee2be7-cabf-40fe-9c45-bf8d1653f106,高雄,"溫泉之旅, 自然景觀, 豪華",5000 - 9999,無
664,e53c6488-6276-4b9e-bf6f-5492c6ed78da,"上野公園, 中尊寺, 京都, 仙台, 伏見稻荷大社, 十和田湖, 台中, 夜景, 大阪, 奈良, 富士, 嵐山, 平等院, 心齋橋, 新宿, 明治神宮, 東京, 東福寺, 橫濱, 江之島, 河口湖, 淺草, 淺草寺, 清水寺, 熊本, 環球影城, 神戶, 神戶動物王國, 箱根, 西湖, 角館, 遠野故鄉村, 金閣寺, 銀山, 銀山溫泉街, 鎌倉, 高雄","主題樂園, 夜間活動, 文化歷史, 海島旅遊, 溫泉之旅, 火車旅遊, 美食, 自然景觀, 豪華, 購物, 雪景",30000 - 34999,無
665,e550c3a8-06e3-493b-af26-66da2f2de0ef,"七星潭, 花蓮","其他, 豪華",0 - 4999,無
666,e6272816-d14a-4656-ad3d-220e022f5182,"基隆, 石垣島, 那霸",海島旅遊,20000 - 24999,郵輪
667,e67e6b67-6a67-4576-93ac-c8f7745df431,"白廟, 藍廟","美食, 自然景觀, 藝文體驗, 親子旅遊, 豪華, 購物",40000 - 44999,"曼谷、芭達雅、華欣、桂河, 清邁"
668,e6951c57-2c9d-437e-ac7a-7f63a9bfe61c,"七星潭, 花蓮","火車旅遊, 自然景觀, 豪華",0 - 4999,無
669,e698ce1f-62bd-4c2f-8188-910ac0309816,"明洞, 景福宮, 首爾, 高雄","海島旅遊, 自然景觀, 購物",20000 - 24999,無
670,e6d1ed55-ce62-4800-80ed-c7ac910790ef,"東京, 淺草",其他,0 - 4999,東京
671,e7092aae-be1e-4132-9dda-48dc8c02d3ec,"台北, 東京",其他,10000 - 14999,東京-TOKYO(TYO)
672,e71ed84b-4e46-4b42-a66f-ea5efa5bdf1a,"威尼斯, 尼斯","夜間活動, 購物",20000 - 24999,無
673,e79110f2-cf24-4a1d-af66-bebc9733af1c,桃園,"文化歷史, 美食",0 - 4999,無
674,e848d6ef-c851-4452-ae7b-c331dfc84624,"熊本, 熊本城","海島旅遊, 溫泉之旅, 火車旅遊, 自然景觀",35000 - 39999,無
675,e888f3af-a464-487d-a40d-69fbd4b457bc,"印度, 泰姬瑪哈, 釜山, 阿拉斯加","文化歷史, 溫泉之旅, 自然景觀, 豪華, 購物, 雪景",120000 - 124999,無
676,eb64c712-5f2b-4f12-8363-d28c826e84f3,"36古街, 台中, 法國, 高雄","主題樂園, 文化歷史, 海島旅遊, 溫泉之旅, 美食, 自然景觀, 豪華, 購物",35000 - 39999,越南
677,eba11d9b-44c6-441b-aedd-0f5bef20f7ff,"函館, 北海道, 夜景, 小樽, 小樽音樂盒堂, 旭山動物園, 札幌, 海洋公園, 熊牧場","夜間活動, 婚禮蜜月, 文化歷史, 海島旅遊, 溫泉之旅, 火車旅遊, 美食, 自然景觀, 親子旅遊, 豪華, 雪景",45000 - 49999,北海道
678,ec405e0a-b47b-4de5-ba9b-d69dbf688f8c,"函館, 北海道, 夜景, 小樽, 旭山動物園","夜間活動, 婚禮蜜月, 溫泉之旅, 美食, 自然景觀, 親子旅遊",100000 - 104999,北海道
679,ec584dcb-2103-4448-9700-c65c13ed1f8f,"嘉義, 高雄",其他,0 - 4999,無
680,ec98a2e7-b5a3-41f7-b046-dca6722f9440,澳門,其他,0 - 4999,澳門
681,ecde3b5d-6437-4234-8479-7ce15b4a56d7,"德瑞, 慕尼黑, 瑞士, 羅曼蒂克大道, 萊茵河, 馬特宏峰","文化歷史, 火車旅遊, 自然景觀, 雪景",95000 - 99999,無
682,ecf56f7e-7d17-443f-9287-2023047cbc27,"哈修塔特, 國王湖, 奧捷, 庫倫洛夫, 德國, 德瑞, 歐洲, 瑞士, 維也納","文化歷史, 自然景觀",90000 - 94999,"奧地利、捷克, 德國、奧地利, 德國、瑞士"
683,ed375736-b360-4fe2-bfb5-14848c6480ac,"杉林溪, 義大","其他, 自然景觀, 豪華",0 - 4999,無
684,eed8ccd2-3435-482f-a859-44a1c56c593c,清境農場,其他,0 - 4999,無
685,eee2ee74-75e2-464a-90d8-85d6e0b4f221,"臺南, 高雄",其他,0 - 4999,無
686,ef0eebff-02ce-424e-b815-9ee886c63ce5,西面,其他,0 - 4999,釜山
687,ef6bf5d2-7f08-47db-9077-602787af6e29,"台北, 東京",其他,10000 - 14999,東京-TOKYO(TYO)
688,ef9121ba-b914-45f7-976e-66db1dc8367e,京都,其他,0 - 4999,無
689,efdd956b-23f9-472b-97e1-0066553ee136,"台中, 麗寶, 麗寶樂園","主題樂園, 其他",0 - 4999,"台中, 台中(Taichung), 台灣, 綠園道草悟道, 長榮桂冠酒店 (台中)(EVERGREEN LAUREL HOTEL (TAICHUNG))"
690,efebfaff-86e5-4a09-908c-8450dbe35162,"台北, 陽明山",自然景觀,0 - 4999,無
691,effc803a-4ab0-4fe8-919d-684111492798,"台中, 香港",其他,0 - 4999,"首爾-SEOUL(SEL), 香港-HONGKONG(HKG)"
692,effdb978-0e10-49c0-8f43-538569fd786e,"函館, 北海道, 小樽, 小樽運河, 熊牧場, 長崎","海島旅遊, 溫泉之旅, 美食, 自然景觀, 豪華",40000 - 44999,無
693,f00c04a9-ecd4-4d66-b3b1-f2e7fdf126c1,"函館, 北海道, 夜景, 小樽, 小樽運河, 小樽音樂盒堂, 旭山動物園, 札幌, 歌劇院, 海洋世界, 海洋公園, 熊牧場, 美瑛青池","夜間活動, 婚禮蜜月, 文化歷史, 海島旅遊, 溫泉之旅, 火車旅遊, 美食, 自然景觀, 藝文體驗, 親子旅遊, 豪華, 雪景",55000 - 59999,無
694,f06ebfda-9816-477a-a233-7af93e62b4f4,"夜景, 太平山, 宜蘭","夜間活動, 婚禮蜜月, 自然景觀, 豪華",5000 - 9999,無
695,f09ab583-0a40-4022-9590-8aeae697b435,時代廣場,其他,無資料,"紐約-紐約州, 紐約時代廣場希爾頓花園飯店"
696,f0e91ea1-78f6-4e43-a7cc-dcb54cbc25fd,花蓮,其他,0 - 4999,無
697,f0f27995-4324-4f6a-bd94-61c7d9d74161,"大阪, 心齋橋",其他,20000 - 24999,"京都, 大阪, 東京"
698,f1aa58ac-3766-4e14-b49b-8b6b8a61f2ab,"花蓮, 西班牙, 高雄","美食, 自然景觀, 豪華",0 - 4999,無
699,f1f56ec7-c9ab-4e2e-a006-f6efd6d07a4d,"天鵝堡, 德國, 慕尼黑, 羅曼蒂克大道, 高雄","其他, 文化歷史, 海島旅遊, 溫泉之旅, 自然景觀",35000 - 39999,無
700,f1f95b54-b95b-46cc-b235-c2340e05b6bf,"函館, 北海道, 夜景, 大阪, 富士, 小樽, 新宿, 明洞, 景福宮, 東京, 湯布院, 環球影城, 箱根, 箱根海盜船, 金鱗湖, 釜山, 首爾, 高雄","主題樂園, 夜間活動, 海島旅遊, 溫泉之旅, 火車旅遊, 美食, 自然景觀, 親子旅遊, 豪華, 購物, 雪景",70000 - 74999,東北亞全選
701,f2871277-34ff-4dd8-90e3-d622b51ed15c,"京都, 北野, 北野異人館, 大阪, 大阪城, 奈良, 宇治, 嵐山, 時尚購物中心, 東大寺, 沖繩, 清水寺, 環球影城, 神戶, 高雄, 黑門市場","主題樂園, 文化歷史, 海島旅遊, 自然景觀, 藝文體驗, 親子旅遊, 購物",30000 - 34999,無
702,f2dea9d7-84be-4191-8ba2-7077c7f37cb6,"東京, 箱根, 高雄","主題樂園, 文化歷史, 溫泉之旅, 美食, 自然景觀, 親子旅遊, 豪華",55000 - 59999,無
703,f380d57b-71ad-4e80-bbf4-375941d38c76,"函館, 北海道, 夜景, 小樽, 熊牧場","夜間活動, 溫泉之旅, 美食, 自然景觀",40000 - 44999,無
704,f4565b17-96c3-4006-a3ec-b4d32e8f89bf,"日月潭, 高雄",自然景觀,0 - 4999,無
705,f47da7fd-b935-4a1e-bc01-2056712a736a,高雄,其他,0 - 4999,福容大飯店 高雄
706,f4a64be9-b99c-4a11-ac5b-0c9e44a5a122,京都,其他,0 - 4999,無
707,f4c13247-5f08-48e3-a91d-6ffd090ad347,"大阪, 高雄",其他,15000 - 19999,無
708,f4f3271d-24ee-4e26-a751-daf4f89667c3,"明洞, 首爾, 高雄","其他, 網美打卡",20000 - 24999,首爾
709,f5cf2a96-3cde-4c8c-85b8-49a70091d150,"二條城, 嚴美溪, 基隆, 富士, 小岩井農場, 明洞, 東京, 沖繩, 海雲台, 神戶, 神戶港, 箱根, 角館, 釜山, 銀山, 銀山溫泉街, 首爾, 高雄","主題樂園, 其他, 婚禮蜜月, 文化歷史, 海島旅遊, 溫泉之旅, 火車旅遊, 網美打卡, 美食, 自然景觀, 藝文體驗, 豪華, 購物",25000 - 29999,"台灣全部, 日本全部"
710,f63eaee8-356b-4de0-ba6a-49a62ca9b9de,"京都, 大阪, 心齋橋, 環球影城, 黑門市場","主題樂園, 其他, 自然景觀, 購物",15000 - 19999,"京都, 大阪, 日本全部"
711,f6ac2571-644e-46df-a84f-8ab561facb39,牛島,"海島旅遊, 火車旅遊, 購物",20000 - 24999,無
712,f7b5f79d-b336-48d3-8dc2-e33ab43682ff,高雄,"火車旅遊, 美食, 自然景觀",35000 - 39999,無
713,f7b8a12e-16ee-4ec2-9203-cbb8cf43d1b2,"台北, 首爾",其他,5000 - 9999,首爾-SEOUL(SEL)
714,f7b8f656-560b-4ec7-aa86-9d7df4e5ecd3,"北港朝天宮, 台北, 宜蘭, 小琉球, 屏東, 旗津, 義大, 苗栗, 蓮池潭, 西子灣, 雲林, 高雄, 鹿港","其他, 文化歷史, 海島旅遊, 美食, 自然景觀, 藝文體驗, 豪華",0 - 4999,無
715,f82190e9-2685-4edb-b570-4ec83060fa88,"函館, 北海道, 夜景, 熊牧場","夜間活動, 溫泉之旅, 美食, 自然景觀",55000 - 59999,無
716,f86f10ed-5081-49c5-bc85-1248968b82f2,"台北, 東京",其他,10000 - 14999,東京-TOKYO(TYO)
717,f892796e-646a-468b-ae80-e3706c885706,"上野公園, 東京, 橫濱, 淺草, 淺草寺, 鎌倉, 高雄","主題樂園, 其他, 文化歷史, 火車旅遊, 購物",25000 - 29999,無
718,f9311fb2-392f-42c1-8034-d3044292e94f,"台中, 太平山, 宜蘭, 臺南","其他, 文化歷史, 海島旅遊, 溫泉之旅, 火車旅遊, 自然景觀",0 - 4999,"1日, 2日, 台南, 彰化, 限時優惠, 高鐵自由行 台南"
719,f943d7da-4f1a-473a-9071-2d796ffbaaa2,"沖繩, 那霸",其他,15000 - 19999,無
720,f97510b2-c8fe-43ad-9335-9bbd8f45e532,"別府, 別府纜車, 夜景, 湯布院, 熊本, 熊本城, 金鱗湖, 長崎, 高雄","夜間活動, 文化歷史, 海島旅遊, 溫泉之旅, 火車旅遊, 美食, 自然景觀",85000 - 89999,九州
721,fa094581-c53b-4d44-b08f-c6073d3aab87,"新北, 花蓮, 苗栗","其他, 文化歷史, 火車旅遊, 自然景觀",0 - 4999,台灣全選
722,fa17d4b7-6d7d-4e84-98da-2dae066efb78,"台中, 大鵬灣, 宜蘭, 小琉球, 屏東, 東大門, 東大門夜市, 花蓮","其他, 夜間活動, 文化歷史, 海島旅遊, 溫泉之旅, 火車旅遊, 美食, 自然景觀, 豪華, 購物",0 - 4999,無
723,fb16c41c-f1e2-4a6b-a254-344321bbac9f,"台北, 嘉義, 奮起湖, 日月潭, 清境農場, 阿里山, 高雄","主題樂園, 文化歷史, 火車旅遊, 自然景觀, 豪華",5000 - 9999,無
724,fbd2b0ed-87f1-4676-b71d-244b02b827e2,"佛羅倫斯, 哈修塔特, 國王湖, 埃及, 奧捷, 威尼斯, 尼斯, 尼羅河, 布魯日, 庫倫洛夫, 米蘭, 紅海, 維也納, 羅浮宮, 羅馬, 羊角村, 義大, 義大利, 金字塔, 鐘樓","文化歷史, 美食, 自然景觀, 豪華, 購物",70000 - 74999,羅馬
725,fcd01327-20ed-4e86-b6a1-fd38638eaa41,"函館, 北海道, 圓山動物園, 小樽, 旭山動物園, 高雄","溫泉之旅, 美食, 自然景觀, 親子旅遊, 雪景",50000 - 54999,無
726,fd31b569-f7bb-4140-a658-c97e79ef8713,桃園,其他,0 - 4999,無
727,fd658b51-4dd3-446c-b9dd-2ca51c9b4180,"台北, 沖繩",其他,20000 - 24999,沖繩-OKINAWA(OKA)
728,fd7dfb2d-ab4e-4f9b-8d76-1ac4bf78a9ce,"埃及, 尼羅河, 紅海, 金字塔, 阿布辛貝",豪華,100000 - 104999,無
729,fe1e86fd-ad50-4571-bf5d-69346a6501a9,"富士, 明治神宮, 東京, 橫濱, 河口湖, 淺草, 淺草寺","主題樂園, 文化歷史, 溫泉之旅, 火車旅遊, 美食, 自然景觀",35000 - 39999,無
730,fe998f9b-baab-4303-8b1a-f4b6ebc6d193,"東京, 高雄",其他,5000 - 9999,"東京, 東京-TOKYO(TYO)"
731,ff8a478f-8991-4142-a3fc-20b50a894d35,台北,其他,10000 - 14999,清邁-CHIANGMAI(CNX)
732,ffa576f8-aed6-4f6c-99cf-42b225b1801f,釜山,"自然景觀, 購物, 雪景",45000 - 49999,"東北亞全選, 東南亞全選"
